Entrada,Fecha Entrada,En proceso,Salida,Fecha Salida
ZTEGC45BB1EC,08-jul-25,ZTEGC45BB1EC,ZTEGCE5CB809,08/07/2025
ZTEGC45BB209,08-jul-25,ZTEGC45BB209,ZTEGCE4428CE,08/07/2025
ZTEGC45BB21A,08-jul-25,ZTEGC45BB21A,ZTEGCEDDE0B2,08/07/2025
ZTEGC45BB22F,08-jul-25,ZTEGC45BB22F,ZTEGCE4F75DA,08/07/2025
ZTEGC45BB27E,08-jul-25,ZTEGC45BB27E,ZTEGCE44632F,08/07/2025
ZTEGC45BB297,08-jul-25,ZTEGC45BB297,ZTEGCE5C4F1F,08/07/2025
ZTEGC45BB29C,08-jul-25,ZTEGC45BB29C,ZTEGCE445303,08/07/2025
ZTEGC45BB45A,08-jul-25,ZTEGC45BB45A,ZTEGCEDD844E,08/07/2025
ZTEGC45BB720,08-jul-25,ZTEGC45BB720,ZTEGCE501AF1,08/07/2025
ZTEGC45BBAE8,08-jul-25,ZTEGC45BBAE8,ZTEGCE4DB93E,08/07/2025
ZTEGC45BBD17,08-jul-25,ZTEGC45BBD17,ZTEGCE44481B,08/07/2025
ZTEGC45BBD71,08-jul-25,ZTEGC45BBD71,ZTEGCE4D50E4,08/07/2025
ZTEGC45BC82B,08-jul-25,ZTEGC45BC82B,ZTEGCEA0939C,08/07/2025
ZTEGC45BC880,08-jul-25,ZTEGC45BC880,ZTEGCEDE035C,08/07/2025
ZTEGC45BC891,08-jul-25,ZTEGC45BC891,ZTEGCEDD61EC,08/07/2025
ZTEGC45BC8A4,08-jul-25,ZTEGC45BC8A4,ZTEGCE4DC9AD,08/07/2025
ZTEGC45BCADA,08-jul-25,ZTEGC45BCADA,ZTEGCEA0708F,08/07/2025
ZTEGC45BCC84,08-jul-25,ZTEGC45BCC84,ZTEGCE4FC965,08/07/2025
ZTEGC45BD8AB,08-jul-25,ZTEGC45BD8AB,ZTEGCE4446B8,08/07/2025
ZTEGC45BD8D9,08-jul-25,ZTEGC45BD8D9,ZTEGCE4D3146,08/07/2025
ZTEGC45BD8E1,08-jul-25,ZTEGC45BD8E1,ZTEGCEDD2AA2,08/07/2025
ZTEGC45BD8F9,08-jul-25,ZTEGC45BD8F9,ZTEGCE4FB569,08/07/2025
ZTEGC45BD92A,08-jul-25,ZTEGC45BD92A,ZTEGCE4D86C3,08/07/2025
ZTEGC45BD948,08-jul-25,ZTEGC45BD948,ZTEGCE441559,08/07/2025
ZTEGC45BD967,08-jul-25,ZTEGC45BD967,ZTEGCE44667D,08/07/2025
ZTEGC45BD979,08-jul-25,ZTEGC45BD979,ZTEGC45C2C0A,08/07/2025
ZTEGC45BD993,08-jul-25,ZTEGC45BD993,ZTEGCEDD8056,08/07/2025
ZTEGC45BD9A8,08-jul-25,ZTEGC45BD9A8,ZTEGCE4462F8,08/07/2025
ZTEGC45BD9DA,08-jul-25,ZTEGC45BD9DA,ZTEGCE4DC5E0,08/07/2025
ZTEGC45BDA16,08-jul-25,ZTEGC45BDA16,ZTEGCE446B9E,08/07/2025
ZTEGC45BDA1E,08-jul-25,ZTEGC45BDA1E,ZTEGCE5C29AE,08/07/2025
ZTEGC45BDA52,08-jul-25,ZTEGC45BDA52,ZTEGCEA04460,08/07/2025
ZTEGC45BDA66,08-jul-25,ZTEGC45BDA66,ZTEGCE5C9F47,08/07/2025
ZTEGC45BDA70,08-jul-25,ZTEGC45BDA70,ZTEGCE4FE80D,08/07/2025
ZTEGC45BDA7D,08-jul-25,ZTEGC45BDA7D,ZTEGC45C2715,08/07/2025
ZTEGC45BDA7F,08-jul-25,ZTEGC45BDA7F,ZTEGCE4F5283,08/07/2025
ZTEGC45BDA87,08-jul-25,ZTEGC45BDA87,ZTEGCE4D399B,08/07/2025
ZTEGC45BDA9A,08-jul-25,ZTEGC45BDA9A,ZTEGCE5C84FD,08/07/2025
ZTEGC45BDAB2,08-jul-25,ZTEGC45BDAB2,ZTEGCE4DC883,08/07/2025
ZTEGC45BDAD0,08-jul-25,ZTEGC45BDAD0,ZTEGCE4D61B5,08/07/2025
ZTEGC45BDADC,08-jul-25,ZTEGC45BDADC,ZTEGCE9FE004,08/07/2025
ZTEGC45BDADD,08-jul-25,ZTEGC45BDADD,ZTEGC45BBE7E,08/07/2025
ZTEGC45BDAE7,08-jul-25,ZTEGC45BDAE7,ZTEGCE4FB1AD,08/07/2025
ZTEGC45BDAF0,08-jul-25,ZTEGC45BDAF0,ZTEGCEDD6B00,08/07/2025
ZTEGC45BEA24,08-jul-25,ZTEGC45BEA24,ZTEGCEDDA013,08/07/2025
ZTEGC45BEA49,08-jul-25,ZTEGC45BEA49,ZTEGCE4FF244,08/07/2025
ZTEGC45BEA56,08-jul-25,ZTEGC45BEA56,ZTEGCE440177,08/07/2025
ZTEGC45BEA57,08-jul-25,ZTEGC45BEA57,ZTEGCE5C6CE9,08/07/2025
ZTEGC45BEA67,08-jul-25,ZTEGC45BEA67,ZTEGCE43C0E8,08/07/2025
ZTEGC45BEA74,08-jul-25,ZTEGC45BEA74,ZTEGCE446D2F,08/07/2025
ZTEGC45BEAB1,08-jul-25,ZTEGC45BEAB1,ZTEGCE500187,08/07/2025
ZTEGC45BED75,08-jul-25,ZTEGC45BED75,ZTEGCE43E45D,08/07/2025
ZTEGC45BEEC5,08-jul-25,ZTEGC45BEEC5,ZTEGCE5C9445,08/07/2025
ZTEGC45BEF2B,08-jul-25,ZTEGC45BEF2B,ZTEGC45C4BF0,08/07/2025
ZTEGC45BEF69,08-jul-25,ZTEGC45BEF69,ZTEGCEDD2D5F,08/07/2025
ZTEGC45BF06C,08-jul-25,ZTEGC45BF06C,ZTEGCEA08E1D,08/07/2025
ZTEGC45BF259,08-jul-25,ZTEGC45BF259,ZTEGC45C1968,08/07/2025
ZTEGC45BF282,08-jul-25,ZTEGC45BF282,ZTEGCE4F3C28,08/07/2025
ZTEGC45BF292,08-jul-25,ZTEGC45BF292,ZTEGCEDD1E89,08/07/2025
ZTEGC45BF297,08-jul-25,ZTEGC45BF297,ZTEGCEA06759,08/07/2025
ZTEGC45BF2AC,08-jul-25,ZTEGC45BF2AC,ZTEGCE4F9B95,08/07/2025
ZTEGC45BF2B6,08-jul-25,ZTEGC45BF2B6,ZTEGCE4F8C73,08/07/2025
ZTEGC45BF2BB,08-jul-25,ZTEGC45BF2BB,ZTEGCE43AD9C,08/07/2025
ZTEGC45BF2CF,08-jul-25,ZTEGC45BF2CF,ZTEGCEA087AA,08/07/2025
ZTEGC45BF2DA,08-jul-25,ZTEGC45BF2DA,ZTEGCE4FA879,08/07/2025
ZTEGC45BF2DB,08-jul-25,ZTEGC45BF2DB,ZTEGCE4F7C99,08/07/2025
ZTEGC45BF2EE,08-jul-25,ZTEGC45BF2EE,ZTEGCE4FB83F,08/07/2025
ZTEGC45BF345,08-jul-25,ZTEGC45BF345,ZTEGCEDD2704,08/07/2025
ZTEGC45BF35F,08-jul-25,ZTEGC45BF35F,ZTEGCEDD77A1,08/07/2025
ZTEGC45BF363,08-jul-25,ZTEGC45BF363,ZTEGCE5C792B,08/07/2025
ZTEGCE441F0B,08-jul-25,ZTEGCE441F0B,ZTEGCE4424A6,08/07/2025
ZTEGCE441F11,08-jul-25,ZTEGCE441F11,ZTEGCE4FC988,08/07/2025
ZTEGCE441F12,08-jul-25,ZTEGCE441F12,ZTEGCE4F4C62,08/07/2025
ZTEGCE441F19,08-jul-25,ZTEGCE441F19,ZTEGCEDD503A,08/07/2025
ZTEGCE441F3A,08-jul-25,ZTEGCE441F3A,ZTEGCE5C61C4,08/07/2025
ZTEGCE441F73,08-jul-25,ZTEGCE441F73,ZTEGCE5C553F,08/07/2025
ZTEGCE441F76,08-jul-25,ZTEGCE441F76,ZTEGCE4D84D0,08/07/2025
ZTEGCE441F7B,08-jul-25,ZTEGCE441F7B,ZTEGCE4DE619,08/07/2025
ZTEGCE441F8D,08-jul-25,ZTEGCE441F8D,ZTEGCE4440B1,08/07/2025
ZTEGCE441F8F,08-jul-25,ZTEGCE441F8F,ZTEGCE4FDA2F,08/07/2025
ZTEGCE441FA2,08-jul-25,ZTEGCE441FA2,ZTEGC45C081E,08/07/2025
ZTEGCE441FB7,08-jul-25,ZTEGCE441FB7,ZTEGCE5C2328,08/07/2025
ZTEGCE441FDC,08-jul-25,ZTEGCE441FDC,ZTEGCE5C7954,08/07/2025
ZTEGCE442044,08-jul-25,ZTEGCE442044,ZTEGCE4FA675,08/07/2025
ZTEGCE442045,08-jul-25,ZTEGCE442045,ZTEGCE4FA3E0,08/07/2025
ZTEGCE44206E,08-jul-25,ZTEGCE44206E,ZTEGCE4D842E,08/07/2025
ZTEGCE44206F,08-jul-25,ZTEGCE44206F,ZTEGCEDD56EB,08/07/2025
ZTEGCE442081,08-jul-25,ZTEGCE442081,ZTEGCE4429E2,08/07/2025
ZTEGCE44208F,08-jul-25,ZTEGCE44208F,ZTEGCE4D8388,08/07/2025
ZTEGCE4420A0,08-jul-25,ZTEGCE4420A0,ZTEGCE4D660F,08/07/2025
ZTEGCE4420BB,08-jul-25,ZTEGCE4420BB,ZTEGCEDD9D3B,08/07/2025
ZTEGCE44218D,08-jul-25,ZTEGCE44218D,ZTEGCE443114,08/07/2025
ZTEGCE4421B6,08-jul-25,ZTEGCE4421B6,ZTEGCE4FDA72,08/07/2025
ZTEGCE44220C,08-jul-25,ZTEGCE44220C,ZTEGCEDE4567,08/07/2025
ZTEGCE442212,08-jul-25,ZTEGCE442212,ZTEGCEA0571A,08/07/2025
ZTEGCE442213,08-jul-25,ZTEGCE442213,ZTEGCEDDF1D9,08/07/2025
ZTEGC45BDB0F,08-jul-25,ZTEGC45BDB0F,ZTEGCE440265,08/07/2025
ZTEGC45BDB11,08-jul-25,ZTEGC45BDB11,ZTEGCEDDA1BC,08/07/2025
ZTEGC45BDB31,08-jul-25,ZTEGC45BDB31,ZTEGCE4DA62E,08/07/2025
ZTEGC45BDB47,08-jul-25,ZTEGC45BDB47,ZTEGCE4D8757,08/07/2025
ZTEGC45BDBA8,08-jul-25,ZTEGC45BDBA8,,
ZTEGC45BDBC7,08-jul-25,ZTEGC45BDBC7,,
ZTEGC45BDC07,08-jul-25,ZTEGC45BDC07,,
ZTEGC45BDC2E,08-jul-25,ZTEGC45BDC2E,,
ZTEGC45BDC6F,08-jul-25,ZTEGC45BDC6F,,
ZTEGC45BDC7F,08-jul-25,ZTEGC45BDC7F,,
ZTEGC45BDC8D,08-jul-25,ZTEGC45BDC8D,,
ZTEGC45BDCAD,08-jul-25,ZTEGC45BDCAD,,
ZTEGC45BDCB6,08-jul-25,ZTEGC45BDCB6,,
ZTEGC45BDCC2,08-jul-25,ZTEGC45BDCC2,,
ZTEGC45BDCE0,08-jul-25,ZTEGC45BDCE0,,
ZTEGC45BDCFA,08-jul-25,ZTEGC45BDCFA,,
ZTEGC45BDD05,08-jul-25,ZTEGC45BDD05,,
ZTEGC45BDD0F,08-jul-25,ZTEGC45BDD0F,,
ZTEGC45BDD19,08-jul-25,ZTEGC45BDD19,,
ZTEGC45BDD38,08-jul-25,ZTEGC45BDD38,,
ZTEGC45BDD3E,08-jul-25,ZTEGC45BDD3E,,
ZTEGC45BDD40,08-jul-25,ZTEGC45BDD40,,
ZTEGC45BDD93,08-jul-25,ZTEGC45BDD93,,
ZTEGC45BDDAD,08-jul-25,ZTEGC45BDDAD,,
ZTEGC45BDDB3,08-jul-25,ZTEGC45BDDB3,,
ZTEGC45BDDB5,08-jul-25,ZTEGC45BDDB5,,
ZTEGCE442497,08-jul-25,ZTEGCE442497,,
ZTEGCE44249D,08-jul-25,ZTEGCE44249D,,
ZTEGCE4424A0,08-jul-25,ZTEGCE4424A0,,
ZTEGCE4424B4,08-jul-25,ZTEGCE4424B4,,
ZTEGCE4424B9,08-jul-25,ZTEGCE4424B9,,
ZTEGCE4424C3,08-jul-25,ZTEGCE4424C3,,
ZTEGCE4424C7,08-jul-25,ZTEGCE4424C7,,
ZTEGCE4424DB,08-jul-25,ZTEGCE4424DB,,
ZTEGCE4424E1,08-jul-25,ZTEGCE4424E1,,
ZTEGCE4424ED,08-jul-25,ZTEGCE4424ED,,
ZTEGCE4424F0,08-jul-25,ZTEGCE4424F0,,
ZTEGCE442509,08-jul-25,ZTEGCE442509,,
ZTEGCE44250C,08-jul-25,ZTEGCE44250C,,
ZTEGCE442510,08-jul-25,ZTEGCE442510,,
ZTEGCE44256A,08-jul-25,ZTEGCE44256A,,
ZTEGCE442577,08-jul-25,ZTEGCE442577,,
ZTEGCE44258A,08-jul-25,ZTEGCE44258A,,
ZTEGCE442590,08-jul-25,ZTEGCE442590,,
ZTEGCE442599,08-jul-25,ZTEGCE442599,,
ZTEGCE4425B0,08-jul-25,ZTEGCE4425B0,,
ZTEGCE4425DA,08-jul-25,ZTEGCE4425DA,,
ZTEGCE44269D,08-jul-25,ZTEGCE44269D,,
ZTEGCE4426A5,08-jul-25,ZTEGCE4426A5,,
ZTEGCE4426B7,08-jul-25,ZTEGCE4426B7,,
ZTEGCE4426CD,08-jul-25,ZTEGCE4426CD,,
ZTEGCE4426D9,08-jul-25,ZTEGCE4426D9,,
ZTEGC45BDDBD,08-jul-25,ZTEGC45BDDBD,,
ZTEGC45BDDDB,08-jul-25,ZTEGC45BDDDB,,
ZTEGC45BDF56,08-jul-25,ZTEGC45BDF56,,
ZTEGC45BDF85,08-jul-25,ZTEGC45BDF85,,
ZTEGC45BDFC8,08-jul-25,ZTEGC45BDFC8,,
ZTEGC45BE07D,08-jul-25,ZTEGC45BE07D,,
ZTEGC45BE08C,08-jul-25,ZTEGC45BE08C,,
ZTEGC45BE142,08-jul-25,ZTEGC45BE142,,
ZTEGC45BE186,08-jul-25,ZTEGC45BE186,,
ZTEGC45BE1CF,08-jul-25,ZTEGC45BE1CF,,
ZTEGC45BE28B,08-jul-25,ZTEGC45BE28B,,
ZTEGC45BE299,08-jul-25,ZTEGC45BE299,,
ZTEGC45BE29D,08-jul-25,ZTEGC45BE29D,,
ZTEGC45BE2C0,08-jul-25,ZTEGC45BE2C0,,
ZTEGC45BE2D1,08-jul-25,ZTEGC45BE2D1,,
ZTEGC45BE2DA,08-jul-25,ZTEGC45BE2DA,,
ZTEGC45BE2EC,08-jul-25,ZTEGC45BE2EC,,
ZTEGC45BE308,08-jul-25,ZTEGC45BE308,,
ZTEGC45BE309,08-jul-25,ZTEGC45BE309,,
ZTEGC45BE31A,08-jul-25,ZTEGC45BE31A,,
ZTEGC45BE321,08-jul-25,ZTEGC45BE321,,
ZTEGC45BE322,08-jul-25,ZTEGC45BE322,,
ZTEGC45BE33F,08-jul-25,ZTEGC45BE33F,,
ZTEGC45BE34B,08-jul-25,ZTEGC45BE34B,,
ZTEGC45BE351,08-jul-25,ZTEGC45BE351,,
ZTEGC45BE35C,08-jul-25,ZTEGC45BE35C,,
ZTEGCE4423A4,08-jul-25,ZTEGCE4423A4,,
ZTEGCE4423AF,08-jul-25,ZTEGCE4423AF,,
ZTEGCE4423B0,08-jul-25,ZTEGCE4423B0,,
ZTEGCE4423B2,08-jul-25,ZTEGCE4423B2,,
ZTEGCE4423B9,08-jul-25,ZTEGCE4423B9,,
ZTEGCE4423C3,08-jul-25,ZTEGCE4423C3,,
ZTEGCE4423C9,08-jul-25,ZTEGCE4423C9,,
ZTEGCE4423D9,08-jul-25,ZTEGCE4423D9,,
ZTEGCE4423EC,08-jul-25,ZTEGCE4423EC,,
ZTEGCE4423EE,08-jul-25,ZTEGCE4423EE,,
ZTEGCE4423F7,08-jul-25,ZTEGCE4423F7,,
ZTEGCE4423FE,08-jul-25,ZTEGCE4423FE,,
ZTEGCE442405,08-jul-25,ZTEGCE442405,,
ZTEGCE442414,08-jul-25,ZTEGCE442414,,
ZTEGCE44241A,08-jul-25,ZTEGCE44241A,,
ZTEGCE442436,08-jul-25,ZTEGCE442436,,
ZTEGCE442445,08-jul-25,ZTEGCE442445,,
ZTEGCE44244E,08-jul-25,ZTEGCE44244E,,
ZTEGCE442466,08-jul-25,ZTEGCE442466,,
ZTEGCE442468,08-jul-25,ZTEGCE442468,,
ZTEGCE44246F,08-jul-25,ZTEGCE44246F,,
ZTEGCE442470,08-jul-25,ZTEGCE442470,,
ZTEGCE442477,08-jul-25,ZTEGCE442477,,
ZTEGCE442481,08-jul-25,ZTEGCE442481,,
ZTEGCE442486,08-jul-25,ZTEGCE442486,,
ZTEGCE44248F,08-jul-25,ZTEGCE44248F,,
ZTEGC45BE3CE,08-jul-25,ZTEGC45BE3CE,,
ZTEGC45BE412,08-jul-25,ZTEGC45BE412,,
ZTEGC45BE422,08-jul-25,ZTEGC45BE422,,
ZTEGC45BE436,08-jul-25,ZTEGC45BE436,,
ZTEGC45BE461,08-jul-25,ZTEGC45BE461,,
ZTEGC45BE478,08-jul-25,ZTEGC45BE478,,
ZTEGC45BE488,08-jul-25,ZTEGC45BE488,,
ZTEGC45BE4B3,08-jul-25,ZTEGC45BE4B3,,
ZTEGC45BE53D,08-jul-25,ZTEGC45BE53D,,
ZTEGC45BE54D,08-jul-25,ZTEGC45BE54D,,
ZTEGC45BE550,08-jul-25,ZTEGC45BE550,,
ZTEGC45BE5AB,08-jul-25,ZTEGC45BE5AB,,
ZTEGC45BE5D7,08-jul-25,ZTEGC45BE5D7,,
ZTEGC45BE5E7,08-jul-25,ZTEGC45BE5E7,,
ZTEGC45BE646,08-jul-25,ZTEGC45BE646,,
ZTEGC45BE681,08-jul-25,ZTEGC45BE681,,
ZTEGC45BE6AB,08-jul-25,ZTEGC45BE6AB,,
ZTEGC45BE6B7,08-jul-25,ZTEGC45BE6B7,,
ZTEGC45BE6C5,08-jul-25,ZTEGC45BE6C5,,
ZTEGC45BE6D4,08-jul-25,ZTEGC45BE6D4,,
ZTEGC45BE6E2,08-jul-25,ZTEGC45BE6E2,,
ZTEGC45BE703,08-jul-25,ZTEGC45BE703,,
ZTEGC45BE73E,08-jul-25,ZTEGC45BE73E,,
ZTEGC45BE74D,08-jul-25,ZTEGC45BE74D,,
ZTEGC45BE754,08-jul-25,ZTEGC45BE754,,
ZTEGC45BE764,08-jul-25,ZTEGC45BE764,,
ZTEGCE44221F,08-jul-25,ZTEGCE44221F,,
ZTEGCE442224,08-jul-25,ZTEGCE442224,,
ZTEGCE442229,08-jul-25,ZTEGCE442229,,
ZTEGCE44222C,08-jul-25,ZTEGCE44222C,,
ZTEGCE44222F,08-jul-25,ZTEGCE44222F,,
ZTEGCE442233,08-jul-25,ZTEGCE442233,,
ZTEGCE44223A,08-jul-25,ZTEGCE44223A,,
ZTEGCE44225D,08-jul-25,ZTEGCE44225D,,
ZTEGCE44227F,08-jul-25,ZTEGCE44227F,,
ZTEGCE442289,08-jul-25,ZTEGCE442289,,
ZTEGCE442291,08-jul-25,ZTEGCE442291,,
ZTEGCE44229D,08-jul-25,ZTEGCE44229D,,
ZTEGCE4422D0,08-jul-25,ZTEGCE4422D0,,
ZTEGCE4422D2,08-jul-25,ZTEGCE4422D2,,
ZTEGCE4422DE,08-jul-25,ZTEGCE4422DE,,
ZTEGCE442300,08-jul-25,ZTEGCE442300,,
ZTEGCE442306,08-jul-25,ZTEGCE442306,,
ZTEGCE44231B,08-jul-25,ZTEGCE44231B,,
ZTEGCE44231D,08-jul-25,ZTEGCE44231D,,
ZTEGCE44232A,08-jul-25,ZTEGCE44232A,,
ZTEGCE44233D,08-jul-25,ZTEGCE44233D,,
ZTEGCE44233E,08-jul-25,ZTEGCE44233E,,
ZTEGCE442349,08-jul-25,ZTEGCE442349,,
ZTEGCE442351,08-jul-25,ZTEGCE442351,,
ZTEGCE442371,08-jul-25,ZTEGCE442371,,
ZTEGCE4423A0,08-jul-25,ZTEGCE4423A0,,
ZTEGC45BE77D,08-jul-25,ZTEGC45BE77D,,
ZTEGC45BE782,08-jul-25,ZTEGC45BE782,,
ZTEGC45BE79B,08-jul-25,ZTEGC45BE79B,,
ZTEGC45BE79F,08-jul-25,ZTEGC45BE79F,,
ZTEGC45BE7B0,08-jul-25,ZTEGC45BE7B0,,
ZTEGC45BE7E6,08-jul-25,ZTEGC45BE7E6,,
ZTEGC45BE800,08-jul-25,ZTEGC45BE800,,
ZTEGC45BE817,08-jul-25,ZTEGC45BE817,,
ZTEGC45BE844,08-jul-25,ZTEGC45BE844,,
ZTEGC45BE878,08-jul-25,ZTEGC45BE878,,
ZTEGC45BE899,08-jul-25,ZTEGC45BE899,,
ZTEGC45BE8A1,08-jul-25,ZTEGC45BE8A1,,
ZTEGC45BE8B3,08-jul-25,ZTEGC45BE8B3,,
ZTEGC45BE8D9,08-jul-25,ZTEGC45BE8D9,,
ZTEGC45BE8DC,08-jul-25,ZTEGC45BE8DC,,
ZTEGC45BE906,08-jul-25,ZTEGC45BE906,,
ZTEGC45BE934,08-jul-25,ZTEGC45BE934,,
ZTEGC45BE937,08-jul-25,ZTEGC45BE937,,
ZTEGC45BE942,08-jul-25,ZTEGC45BE942,,
ZTEGC45BE960,08-jul-25,ZTEGC45BE960,,
ZTEGC45BE98A,08-jul-25,ZTEGC45BE98A,,
ZTEGC45BE999,08-jul-25,ZTEGC45BE999,,
ZTEGC45BE9A0,08-jul-25,ZTEGC45BE9A0,,
ZTEGC45BE9A6,08-jul-25,ZTEGC45BE9A6,,
ZTEGC45BE9D1,08-jul-25,ZTEGC45BE9D1,,
ZTEGC45BE9D2,08-jul-25,ZTEGC45BE9D2,,
ZTEGCE44289C,08-jul-25,ZTEGCE44289C,,
ZTEGCE442973,08-jul-25,ZTEGCE442973,,
ZTEGCE442985,08-jul-25,ZTEGCE442985,,
ZTEGCE4429BF,08-jul-25,ZTEGCE4429BF,,
ZTEGCE4429C5,08-jul-25,ZTEGCE4429C5,,
ZTEGCE442A4F,08-jul-25,ZTEGCE442A4F,,
ZTEGCE442A8D,08-jul-25,ZTEGCE442A8D,,
ZTEGCE442A8E,08-jul-25,ZTEGCE442A8E,,
ZTEGCE442AE3,08-jul-25,ZTEGCE442AE3,,
ZTEGCE442AF3,08-jul-25,ZTEGCE442AF3,,
ZTEGCE442AFB,08-jul-25,ZTEGCE442AFB,,
ZTEGCE442B15,08-jul-25,ZTEGCE442B15,,
ZTEGCE442B1C,08-jul-25,ZTEGCE442B1C,,
ZTEGCE442CC6,08-jul-25,ZTEGCE442CC6,,
ZTEGCE442D14,08-jul-25,ZTEGCE442D14,,
ZTEGCE442D80,08-jul-25,ZTEGCE442D80,,
ZTEGCE442D84,08-jul-25,ZTEGCE442D84,,
ZTEGCE442E2F,08-jul-25,ZTEGCE442E2F,,
ZTEGCE442ED5,08-jul-25,ZTEGCE442ED5,,
ZTEGCE442F2E,08-jul-25,ZTEGCE442F2E,,
ZTEGCE44302D,08-jul-25,ZTEGCE44302D,,
ZTEGCE443145,08-jul-25,ZTEGCE443145,,
ZTEGCE4431DA,08-jul-25,ZTEGCE4431DA,,
ZTEGCE44324D,08-jul-25,ZTEGCE44324D,,
ZTEGCE443299,08-jul-25,ZTEGCE443299,,
ZTEGCE443479,08-jul-25,ZTEGCE443479,,
ZTEGC45BF36A,08-jul-25,ZTEGC45BF36A,,
ZTEGC45BF375,08-jul-25,ZTEGC45BF375,,
ZTEGC45BF37E,08-jul-25,ZTEGC45BF37E,,
ZTEGC45BF380,08-jul-25,ZTEGC45BF380,,
ZTEGC45BF384,08-jul-25,ZTEGC45BF384,,
ZTEGC45BF395,08-jul-25,ZTEGC45BF395,,
ZTEGC45BF398,08-jul-25,ZTEGC45BF398,,
ZTEGC45BF39C,08-jul-25,ZTEGC45BF39C,,
ZTEGC45BF3AB,08-jul-25,ZTEGC45BF3AB,,
ZTEGC45BF3AE,08-jul-25,ZTEGC45BF3AE,,
ZTEGC45BF3D8,08-jul-25,ZTEGC45BF3D8,,
ZTEGC45BF3F3,08-jul-25,ZTEGC45BF3F3,,
ZTEGC45BF3F4,08-jul-25,ZTEGC45BF3F4,,
ZTEGC45BF3F7,08-jul-25,ZTEGC45BF3F7,,
ZTEGC45BF461,08-jul-25,ZTEGC45BF461,,
ZTEGC45BF4B9,08-jul-25,ZTEGC45BF4B9,,
ZTEGC45BF62F,08-jul-25,ZTEGC45BF62F,,
ZTEGC45C0758,08-jul-25,ZTEGC45C0758,,
ZTEGC45C1672,08-jul-25,ZTEGC45C1672,,
ZTEGC45C16C8,08-jul-25,ZTEGC45C16C8,,
ZTEGC45C16E8,08-jul-25,ZTEGC45C16E8,,
ZTEGC45C17BD,08-jul-25,ZTEGC45C17BD,,
ZTEGC45C17FB,08-jul-25,ZTEGC45C17FB,,
ZTEGC45C1814,08-jul-25,ZTEGC45C1814,,
ZTEGC45C1A36,08-jul-25,ZTEGC45C1A36,,
ZTEGC45C1BB7,08-jul-25,ZTEGC45C1BB7,,
ZTEGCE4426E8,08-jul-25,ZTEGCE4426E8,,
ZTEGCE4426F6,08-jul-25,ZTEGCE4426F6,,
ZTEGCE44270F,08-jul-25,ZTEGCE44270F,,
ZTEGCE442732,08-jul-25,ZTEGCE442732,,
ZTEGCE442745,08-jul-25,ZTEGCE442745,,
ZTEGCE442748,08-jul-25,ZTEGCE442748,,
ZTEGCE44275D,08-jul-25,ZTEGCE44275D,,
ZTEGCE44276B,08-jul-25,ZTEGCE44276B,,
ZTEGCE44276C,08-jul-25,ZTEGCE44276C,,
ZTEGCE442790,08-jul-25,ZTEGCE442790,,
ZTEGCE442795,08-jul-25,ZTEGCE442795,,
ZTEGCE442797,08-jul-25,ZTEGCE442797,,
ZTEGCE4427A4,08-jul-25,ZTEGCE4427A4,,
ZTEGCE4427A5,08-jul-25,ZTEGCE4427A5,,
ZTEGCE4427A7,08-jul-25,ZTEGCE4427A7,,
ZTEGCE4427CA,08-jul-25,ZTEGCE4427CA,,
ZTEGCE4427D2,08-jul-25,ZTEGCE4427D2,,
ZTEGCE4427E2,08-jul-25,ZTEGCE4427E2,,
ZTEGCE4427F0,08-jul-25,ZTEGCE4427F0,,
ZTEGCE442821,08-jul-25,ZTEGCE442821,,
ZTEGCE442848,08-jul-25,ZTEGCE442848,,
ZTEGCE44284A,08-jul-25,ZTEGCE44284A,,
ZTEGCE442870,08-jul-25,ZTEGCE442870,,
ZTEGCE442884,08-jul-25,ZTEGCE442884,,
ZTEGCE44288C,08-jul-25,ZTEGCE44288C,,
ZTEGCE442895,08-jul-25,ZTEGCE442895,,
ZTEGC45C752F,08-jul-25,ZTEGC45C752F,,
ZTEGC45C754C,08-jul-25,ZTEGC45C754C,,
ZTEGC45C7572,08-jul-25,ZTEGC45C7572,,
ZTEGC45C75AB,08-jul-25,ZTEGC45C75AB,,
ZTEGC45C75B1,08-jul-25,ZTEGC45C75B1,,
ZTEGC45C75D1,08-jul-25,ZTEGC45C75D1,,
ZTEGC45C75D5,08-jul-25,ZTEGC45C75D5,,
ZTEGC45C75E7,08-jul-25,ZTEGC45C75E7,,
ZTEGC45C75ED,08-jul-25,ZTEGC45C75ED,,
ZTEGC45C75EE,08-jul-25,ZTEGC45C75EE,,
ZTEGC45C75F0,08-jul-25,ZTEGC45C75F0,,
ZTEGC45C7606,08-jul-25,ZTEGC45C7606,,
ZTEGC45C760C,08-jul-25,ZTEGC45C760C,,
ZTEGC45C764C,08-jul-25,ZTEGC45C764C,,
ZTEGCE43AF0B,08-jul-25,ZTEGCE43AF0B,,
ZTEGCE43B6F7,08-jul-25,ZTEGCE43B6F7,,
ZTEGCE43BA4A,08-jul-25,ZTEGCE43BA4A,,
ZTEGCE43C101,08-jul-25,ZTEGCE43C101,,
ZTEGCE43C3BD,08-jul-25,ZTEGCE43C3BD,,
ZTEGCE43C413,08-jul-25,ZTEGCE43C413,,
ZTEGCE43C46A,08-jul-25,ZTEGCE43C46A,,
ZTEGCE43C46D,08-jul-25,ZTEGCE43C46D,,
ZTEGCE43C46E,08-jul-25,ZTEGCE43C46E,,
ZTEGCE43C485,08-jul-25,ZTEGCE43C485,,
ZTEGCE43C495,08-jul-25,ZTEGCE43C495,,
ZTEGCE43C4D0,08-jul-25,ZTEGCE43C4D0,,
ZTEGC45C1C1C,08-jul-25,ZTEGC45C1C1C,,
ZTEGC45C1CC7,08-jul-25,ZTEGC45C1CC7,,
ZTEGC45C1CE7,08-jul-25,ZTEGC45C1CE7,,
ZTEGC45C1EA1,08-jul-25,ZTEGC45C1EA1,,
ZTEGC45C23C4,08-jul-25,ZTEGC45C23C4,,
ZTEGC45C6188,08-jul-25,ZTEGC45C6188,,
ZTEGC45C619F,08-jul-25,ZTEGC45C619F,,
ZTEGC45C68CF,08-jul-25,ZTEGC45C68CF,,
ZTEGC45C68F9,08-jul-25,ZTEGC45C68F9,,
ZTEGC45C6930,08-jul-25,ZTEGC45C6930,,
ZTEGC45C694F,08-jul-25,ZTEGC45C694F,,
ZTEGC45C69F4,08-jul-25,ZTEGC45C69F4,,
ZTEGC45C69F9,08-jul-25,ZTEGC45C69F9,,
ZTEGC45C6CF1,08-jul-25,ZTEGC45C6CF1,,
ZTEGC45C6D85,08-jul-25,ZTEGC45C6D85,,
ZTEGC45C6EFF,08-jul-25,ZTEGC45C6EFF,,
ZTEGC45C6F5E,08-jul-25,ZTEGC45C6F5E,,
ZTEGC45C6FAC,08-jul-25,ZTEGC45C6FAC,,
ZTEGC45C72B8,08-jul-25,ZTEGC45C72B8,,
ZTEGC45C73FD,08-jul-25,ZTEGC45C73FD,,
ZTEGC45C745D,08-jul-25,ZTEGC45C745D,,
ZTEGC45C7473,08-jul-25,ZTEGC45C7473,,
ZTEGC45C7479,08-jul-25,ZTEGC45C7479,,
ZTEGC45C749E,08-jul-25,ZTEGC45C749E,,
ZTEGC45C74CF,08-jul-25,ZTEGC45C74CF,,
ZTEGC45C74EC,08-jul-25,ZTEGC45C74EC,,
ZTEGCE43C4D9,08-jul-25,ZTEGCE43C4D9,,
ZTEGCE43C4F5,08-jul-25,ZTEGCE43C4F5,,
ZTEGCE43C52C,08-jul-25,ZTEGCE43C52C,,
ZTEGCE43C558,08-jul-25,ZTEGCE43C558,,
ZTEGCE43C576,08-jul-25,ZTEGCE43C576,,
ZTEGCE43C5A3,08-jul-25,ZTEGCE43C5A3,,
ZTEGCE43C5C3,08-jul-25,ZTEGCE43C5C3,,
ZTEGCE43C6AF,08-jul-25,ZTEGCE43C6AF,,
ZTEGCE43C740,08-jul-25,ZTEGCE43C740,,
ZTEGCE43CB7B,08-jul-25,ZTEGCE43CB7B,,
ZTEGCE43CE55,08-jul-25,ZTEGCE43CE55,,
ZTEGCE43CE72,08-jul-25,ZTEGCE43CE72,,
ZTEGCE43D5A5,08-jul-25,ZTEGCE43D5A5,,
ZTEGCE43D5D8,08-jul-25,ZTEGCE43D5D8,,
ZTEGCE43D5F3,08-jul-25,ZTEGCE43D5F3,,
ZTEGCE43D6D4,08-jul-25,ZTEGCE43D6D4,,
ZTEGCE43D6EB,08-jul-25,ZTEGCE43D6EB,,
ZTEGCE43D6F5,08-jul-25,ZTEGCE43D6F5,,
ZTEGCE43D710,08-jul-25,ZTEGCE43D710,,
ZTEGCE43D715,08-jul-25,ZTEGCE43D715,,
ZTEGCE43D718,08-jul-25,ZTEGCE43D718,,
ZTEGCE43D71F,08-jul-25,ZTEGCE43D71F,,
ZTEGCE43D743,08-jul-25,ZTEGCE43D743,,
ZTEGCE43D75C,08-jul-25,ZTEGCE43D75C,,
ZTEGCE43D76A,08-jul-25,ZTEGCE43D76A,,
ZTEGCE43D771,08-jul-25,ZTEGCE43D771,,
ZTEGCE4435E2,08-jul-25,ZTEGCE4435E2,,
ZTEGCE4435ED,08-jul-25,ZTEGCE4435ED,,
ZTEGCE443615,08-jul-25,ZTEGCE443615,,
ZTEGCE443622,08-jul-25,ZTEGCE443622,,
ZTEGCE443628,08-jul-25,ZTEGCE443628,,
ZTEGCE443634,08-jul-25,ZTEGCE443634,,
ZTEGCE443635,08-jul-25,ZTEGCE443635,,
ZTEGCE443655,08-jul-25,ZTEGCE443655,,
ZTEGCE443663,08-jul-25,ZTEGCE443663,,
ZTEGCE44366D,08-jul-25,ZTEGCE44366D,,
ZTEGCE44368E,08-jul-25,ZTEGCE44368E,,
ZTEGCE4436AE,08-jul-25,ZTEGCE4436AE,,
ZTEGCE4437CD,08-jul-25,ZTEGCE4437CD,,
ZTEGCE44381F,08-jul-25,ZTEGCE44381F,,
ZTEGCE443A1E,08-jul-25,ZTEGCE443A1E,,
ZTEGCE443ABF,08-jul-25,ZTEGCE443ABF,,
ZTEGCE443AD2,08-jul-25,ZTEGCE443AD2,,
ZTEGCE443AE6,08-jul-25,ZTEGCE443AE6,,
ZTEGCE443AF6,08-jul-25,ZTEGCE443AF6,,
ZTEGCE443B0C,08-jul-25,ZTEGCE443B0C,,
ZTEGCE443B0F,08-jul-25,ZTEGCE443B0F,,
ZTEGCE443B29,08-jul-25,ZTEGCE443B29,,
ZTEGCE443B53,08-jul-25,ZTEGCE443B53,,
ZTEGCE443BE7,08-jul-25,ZTEGCE443BE7,,
ZTEGCE443C0B,08-jul-25,ZTEGCE443C0B,,
ZTEGCE4D3A23,08-jul-25,ZTEGCE4D3A23,,
ZTEGCE43D789,08-jul-25,ZTEGCE43D789,,
ZTEGCE43D7B8,08-jul-25,ZTEGCE43D7B8,,
ZTEGCE43D7EC,08-jul-25,ZTEGCE43D7EC,,
ZTEGCE43D7F3,08-jul-25,ZTEGCE43D7F3,,
ZTEGCE43D801,08-jul-25,ZTEGCE43D801,,
ZTEGCE43D80E,08-jul-25,ZTEGCE43D80E,,
ZTEGCE43D815,08-jul-25,ZTEGCE43D815,,
ZTEGCE43D837,08-jul-25,ZTEGCE43D837,,
ZTEGCE43D851,08-jul-25,ZTEGCE43D851,,
ZTEGCE43D852,08-jul-25,ZTEGCE43D852,,
ZTEGCE43D855,08-jul-25,ZTEGCE43D855,,
ZTEGCE43D85D,08-jul-25,ZTEGCE43D85D,,
ZTEGCE43D85F,08-jul-25,ZTEGCE43D85F,,
ZTEGCE43D861,08-jul-25,ZTEGCE43D861,,
ZTEGCE43D89E,08-jul-25,ZTEGCE43D89E,,
ZTEGCE43D8A4,08-jul-25,ZTEGCE43D8A4,,
ZTEGCE43D8B1,08-jul-25,ZTEGCE43D8B1,,
ZTEGCE43D8E7,08-jul-25,ZTEGCE43D8E7,,
ZTEGCE43D8F1,08-jul-25,ZTEGCE43D8F1,,
ZTEGCE43D906,08-jul-25,ZTEGCE43D906,,
ZTEGCE43D911,08-jul-25,ZTEGCE43D911,,
ZTEGCE43D913,08-jul-25,ZTEGCE43D913,,
ZTEGCE43D91A,08-jul-25,ZTEGCE43D91A,,
ZTEGCE43D920,08-jul-25,ZTEGCE43D920,,
ZTEGCE43D922,08-jul-25,ZTEGCE43D922,,
ZTEGCE43D925,08-jul-25,ZTEGCE43D925,,
ZTEGCE43D942,08-jul-25,ZTEGCE43D942,,
ZTEGCE43D951,08-jul-25,ZTEGCE43D951,,
ZTEGCE43D958,08-jul-25,ZTEGCE43D958,,
ZTEGCE43D963,08-jul-25,ZTEGCE43D963,,
ZTEGCE43D976,08-jul-25,ZTEGCE43D976,,
ZTEGCE43D977,08-jul-25,ZTEGCE43D977,,
ZTEGCE43D9BF,08-jul-25,ZTEGCE43D9BF,,
ZTEGCE43D9E4,08-jul-25,ZTEGCE43D9E4,,
ZTEGCE43D9F2,08-jul-25,ZTEGCE43D9F2,,
ZTEGCE43D9FA,08-jul-25,ZTEGCE43D9FA,,
ZTEGCE43DA13,08-jul-25,ZTEGCE43DA13,,
ZTEGCE43DA14,08-jul-25,ZTEGCE43DA14,,
ZTEGCE43DA24,08-jul-25,ZTEGCE43DA24,,
ZTEGCE43DA35,08-jul-25,ZTEGCE43DA35,,
ZTEGCE43DA53,08-jul-25,ZTEGCE43DA53,,
ZTEGCE43DA6F,08-jul-25,ZTEGCE43DA6F,,
ZTEGCE43DA70,08-jul-25,ZTEGCE43DA70,,
ZTEGCE43DA87,08-jul-25,ZTEGCE43DA87,,
ZTEGCE43DAB9,08-jul-25,ZTEGCE43DAB9,,
ZTEGCE43DAEB,08-jul-25,ZTEGCE43DAEB,,
ZTEGCE43DAEC,08-jul-25,ZTEGCE43DAEC,,
ZTEGCE43DAF6,08-jul-25,ZTEGCE43DAF6,,
ZTEGCE43DAF8,08-jul-25,ZTEGCE43DAF8,,
ZTEGCE43DB0B,08-jul-25,ZTEGCE43DB0B,,
ZTEGCE43DB32,08-jul-25,ZTEGCE43DB32,,
ZTEGCE43DB33,08-jul-25,ZTEGCE43DB33,,
ZTEGC45BB1DD,08-jul-25,ZTEGC45BB1DD,,
ZTEGC45BB1E1,08-jul-25,ZTEGC45BB1E1,,
ZTEGC45BB1F9,08-jul-25,ZTEGC45BB1F9,,
ZTEGC45BB232,08-jul-25,ZTEGC45BB232,,
ZTEGC45BB282,08-jul-25,ZTEGC45BB282,,
ZTEGC45BB287,08-jul-25,ZTEGC45BB287,,
ZTEGC45BB29A,08-jul-25,ZTEGC45BB29A,,
ZTEGC45BB2A9,08-jul-25,ZTEGC45BB2A9,,
ZTEGC45BB2AA,08-jul-25,ZTEGC45BB2AA,,
ZTEGC45BB452,08-jul-25,ZTEGC45BB452,,
ZTEGC45BB4A0,08-jul-25,ZTEGC45BB4A0,,
ZTEGC45BB601,08-jul-25,ZTEGC45BB601,,
ZTEGC45BB82E,08-jul-25,ZTEGC45BB82E,,
ZTEGC45BBB71,08-jul-25,ZTEGC45BBB71,,
ZTEGC45BBC83,08-jul-25,ZTEGC45BBC83,,
ZTEGC45BBE7D,08-jul-25,ZTEGC45BBE7D,,
ZTEGC45BBEAF,08-jul-25,ZTEGC45BBEAF,,
ZTEGC45BC157,08-jul-25,ZTEGC45BC157,,
ZTEGC45BCF51,08-jul-25,ZTEGC45BCF51,,
ZTEGC45BE2CE,08-jul-25,ZTEGC45BE2CE,,
ZTEGC45BE5C6,08-jul-25,ZTEGC45BE5C6,,
ZTEGC45BE73A,08-jul-25,ZTEGC45BE73A,,
ZTEGC45BE74F,08-jul-25,ZTEGC45BE74F,,
ZTEGC45BE78B,08-jul-25,ZTEGC45BE78B,,
ZTEGC45BE9EE,08-jul-25,ZTEGC45BE9EE,,
ZTEGC45BEEAA,08-jul-25,ZTEGC45BEEAA,,
ZTEGCE43DB3F,08-jul-25,ZTEGCE43DB3F,,
ZTEGCE43DB42,08-jul-25,ZTEGCE43DB42,,
ZTEGCE43DB56,08-jul-25,ZTEGCE43DB56,,
ZTEGCE43DB59,08-jul-25,ZTEGCE43DB59,,
ZTEGCE43DB89,08-jul-25,ZTEGCE43DB89,,
ZTEGCE43DBBC,08-jul-25,ZTEGCE43DBBC,,
ZTEGCE43DBDD,08-jul-25,ZTEGCE43DBDD,,
ZTEGCE43DC15,08-jul-25,ZTEGCE43DC15,,
ZTEGCE43DC41,08-jul-25,ZTEGCE43DC41,,
ZTEGCE43DC4D,08-jul-25,ZTEGCE43DC4D,,
ZTEGCE43DC62,08-jul-25,ZTEGCE43DC62,,
ZTEGCE43DE02,08-jul-25,ZTEGCE43DE02,,
ZTEGCE43DE2F,08-jul-25,ZTEGCE43DE2F,,
ZTEGCE43DE9E,08-jul-25,ZTEGCE43DE9E,,
ZTEGCE43DEB4,08-jul-25,ZTEGCE43DEB4,,
ZTEGCE43DEFA,08-jul-25,ZTEGCE43DEFA,,
ZTEGCE43DF14,08-jul-25,ZTEGCE43DF14,,
ZTEGCE43DF69,08-jul-25,ZTEGCE43DF69,,
ZTEGCE43DFB4,08-jul-25,ZTEGCE43DFB4,,
ZTEGCE43DFE1,08-jul-25,ZTEGCE43DFE1,,
ZTEGCE43DFF7,08-jul-25,ZTEGCE43DFF7,,
ZTEGCE43DFFA,08-jul-25,ZTEGCE43DFFA,,
ZTEGCE43E056,08-jul-25,ZTEGCE43E056,,
ZTEGCE43E2C8,08-jul-25,ZTEGCE43E2C8,,
ZTEGCE43E346,08-jul-25,ZTEGCE43E346,,
ZTEGCE43E3A3,08-jul-25,ZTEGCE43E3A3,,
ZTEGCE4DBEBE,08-jul-25,ZTEGCE4DBEBE,,
ZTEGCE4DC0E7,08-jul-25,ZTEGCE4DC0E7,,
ZTEGCE4DC160,08-jul-25,ZTEGCE4DC160,,
ZTEGCE4DC1B5,08-jul-25,ZTEGCE4DC1B5,,
ZTEGCE4DC1BE,08-jul-25,ZTEGCE4DC1BE,,
ZTEGCE4DC1E2,08-jul-25,ZTEGCE4DC1E2,,
ZTEGCE4DE415,08-jul-25,ZTEGCE4DE415,,
ZTEGCE4DE450,08-jul-25,ZTEGCE4DE450,,
ZTEGCE4DE4DE,08-jul-25,ZTEGCE4DE4DE,,
ZTEGCE4DE4E1,08-jul-25,ZTEGCE4DE4E1,,
ZTEGCE4DE526,08-jul-25,ZTEGCE4DE526,,
ZTEGCE4DE529,08-jul-25,ZTEGCE4DE529,,
ZTEGCE4DE533,08-jul-25,ZTEGCE4DE533,,
ZTEGCEA001AA,08-jul-25,ZTEGCEA001AA,,
ZTEGC45BD936,08-jul-25,ZTEGC45BD936,,
ZTEGC45BE07C,08-jul-25,ZTEGC45BE07C,,
ZTEGC45BF33D,08-jul-25,ZTEGC45BF33D,,
ZTEGCE4423F4,08-jul-25,ZTEGCE4423F4,,
ZTEGCE4DE3E2,08-jul-25,ZTEGCE4DE3E2,,
ZTEGCE9FF57A,08-jul-25,ZTEGCE9FF57A,,
ZTEGC45BB1BB,08-jul-25,ZTEGC45BB1BB,,
ZTEGC45BB1D8,08-jul-25,ZTEGC45BB1D8,,
ZTEGCE43E42C,08-jul-25,ZTEGCE43E42C,,
ZTEGCE43E6A8,08-jul-25,ZTEGCE43E6A8,,
ZTEGCE43E80D,08-jul-25,ZTEGCE43E80D,,
ZTEGCE43EAC3,08-jul-25,ZTEGCE43EAC3,,
ZTEGCE43EAE4,08-jul-25,ZTEGCE43EAE4,,
ZTEGCE43ECB0,08-jul-25,ZTEGCE43ECB0,,
ZTEGCE441C84,08-jul-25,ZTEGCE441C84,,
ZTEGCE441C92,08-jul-25,ZTEGCE441C92,,
ZTEGCE441CB5,08-jul-25,ZTEGCE441CB5,,
ZTEGCE441CD1,08-jul-25,ZTEGCE441CD1,,
ZTEGCE441CEF,08-jul-25,ZTEGCE441CEF,,
ZTEGCE441D1B,08-jul-25,ZTEGCE441D1B,,
ZTEGCE441D26,08-jul-25,ZTEGCE441D26,,
ZTEGCE441D30,08-jul-25,ZTEGCE441D30,,
ZTEGCE441D31,08-jul-25,ZTEGCE441D31,,
ZTEGCE441D34,08-jul-25,ZTEGCE441D34,,
ZTEGCE441E34,08-jul-25,ZTEGCE441E34,,
ZTEGCE441E54,08-jul-25,ZTEGCE441E54,,
ZTEGCE441E84,08-jul-25,ZTEGCE441E84,,
ZTEGCE441E93,08-jul-25,ZTEGCE441E93,,
ZTEGCE441E9A,08-jul-25,ZTEGCE441E9A,,
ZTEGCE441EB3,08-jul-25,ZTEGCE441EB3,,
ZTEGCE441EDF,08-jul-25,ZTEGCE441EDF,,
ZTEGCE441EE9,08-jul-25,ZTEGCE441EE9,,
ZTEGCE441EF3,08-jul-25,ZTEGCE441EF3,,
ZTEGCE441EFA,08-jul-25,ZTEGCE441EFA,,
ZTEGC45BFDBE,08-jul-25,ZTEGC45BFDBE,,
ZTEGC45C1CD4,08-jul-25,ZTEGC45C1CD4,,
ZTEGCE43B596,08-jul-25,ZTEGCE43B596,,
ZTEGCE43D82F,08-jul-25,ZTEGCE43D82F,,
ZTEGCE441CBC,08-jul-25,ZTEGCE441CBC,,
ZTEGCE441CFA,08-jul-25,ZTEGCE441CFA,,
ZTEGCE441ED5,08-jul-25,ZTEGCE441ED5,,
ZTEGCE442129,08-jul-25,ZTEGCE442129,,
ZTEGCE4DBE98,08-jul-25,ZTEGCE4DBE98,,
ZTEGC45C18DD,02-sep-25,ZTEGC45C18DD,,
ZTEGCE4D7DCE,02-sep-25,ZTEGCE4D7DCE,,
ZTEGCE4F4E83,02-sep-25,ZTEGCE4F4E83,,
ZTEGCE5C73C1,02-sep-25,ZTEGCE5C73C1,,
ZTEGCEDE0FC8,02-sep-25,ZTEGCEDE0FC8,,
ZTEGCEDE2022,02-sep-25,ZTEGCEDE2022,,
ZTEGCEDE2AA1,02-sep-25,ZTEGCEDE2AA1,,
ZTEGCEDE2D4E,02-sep-25,ZTEGCEDE2D4E,,
ZTEGC45BB654,02-sep-25,ZTEGC45BB654,,
ZTEGC45BB738,02-sep-25,ZTEGC45BB738,,
ZTEGC45BBD79,02-sep-25,ZTEGC45BBD79,,
ZTEGC45BBE94,02-sep-25,ZTEGC45BBE94,,
ZTEGC45BBF64,02-sep-25,ZTEGC45BBF64,,
ZTEGC45BCF9C,02-sep-25,ZTEGC45BCF9C,,
ZTEGC45BD03B,02-sep-25,ZTEGC45BD03B,,
ZTEGC45BD5E6,02-sep-25,ZTEGC45BD5E6,,
ZTEGC45BD798,02-sep-25,ZTEGC45BD798,,
ZTEGC45BDD09,02-sep-25,ZTEGC45BDD09,,
ZTEGC45BDF47,02-sep-25,ZTEGC45BDF47,,
ZTEGC45BE34A,02-sep-25,ZTEGC45BE34A,,
ZTEGC45BE437,02-sep-25,ZTEGC45BE437,,
ZTEGC45BE4A0,02-sep-25,ZTEGC45BE4A0,,
ZTEGC45BE4D4,02-sep-25,ZTEGC45BE4D4,,
ZTEGC45BE531,02-sep-25,ZTEGC45BE531,,
ZTEGC45BE5FC,02-sep-25,ZTEGC45BE5FC,,
ZTEGC45BE7E8,02-sep-25,ZTEGC45BE7E8,,
ZTEGC45BE8AF,02-sep-25,ZTEGC45BE8AF,,
ZTEGC45BEBF1,02-sep-25,ZTEGC45BEBF1,,
ZTEGC45BF0AB,02-sep-25,ZTEGC45BF0AB,,
ZTEGC45BF0B7,02-sep-25,ZTEGC45BF0B7,,
ZTEGC45BF110,02-sep-25,ZTEGC45BF110,,
ZTEGC45BF24B,02-sep-25,ZTEGC45BF24B,,
ZTEGC45BF27D,02-sep-25,ZTEGC45BF27D,,
ZTEGC45BF318,02-sep-25,ZTEGC45BF318,,
ZTEGC45BF472,02-sep-25,ZTEGC45BF472,,
ZTEGC45BF723,02-sep-25,ZTEGC45BF723,,
ZTEGC45BF838,02-sep-25,ZTEGC45BF838,,
ZTEGC45BF970,02-sep-25,ZTEGC45BF970,,
ZTEGC45BFA7A,02-sep-25,ZTEGC45BFA7A,,
ZTEGC45BFBEA,02-sep-25,ZTEGC45BFBEA,,
ZTEGC45BFC1E,02-sep-25,ZTEGC45BFC1E,,
ZTEGC45BFC80,02-sep-25,ZTEGC45BFC80,,
ZTEGCE43EFA7,02-sep-25,ZTEGCE43EFA7,,
ZTEGCE43EFE7,02-sep-25,ZTEGCE43EFE7,,
ZTEGCE43F077,02-sep-25,ZTEGCE43F077,,
ZTEGCE43F0CA,02-sep-25,ZTEGCE43F0CA,,
ZTEGCE43F11F,02-sep-25,ZTEGCE43F11F,,
ZTEGCE43F15A,02-sep-25,ZTEGCE43F15A,,
ZTEGCE43F180,02-sep-25,ZTEGCE43F180,,
ZTEGCE43F261,02-sep-25,ZTEGCE43F261,,
ZTEGCE43F3EF,02-sep-25,ZTEGCE43F3EF,,
ZTEGCE43F433,02-sep-25,ZTEGCE43F433,,
ZTEGCE43F48A,02-sep-25,ZTEGCE43F48A,,
ZTEGCE43F4FD,02-sep-25,ZTEGCE43F4FD,,
ZTEGCE43F559,02-sep-25,ZTEGCE43F559,,
ZTEGCE43F745,02-sep-25,ZTEGCE43F745,,
ZTEGCE43F7C0,02-sep-25,ZTEGCE43F7C0,,
ZTEGC45BFE6E,02-sep-25,ZTEGC45BFE6E,,
ZTEGC45C00B3,02-sep-25,ZTEGC45C00B3,,
ZTEGC45C011C,02-sep-25,ZTEGC45C011C,,
ZTEGC45C01FB,02-sep-25,ZTEGC45C01FB,,
ZTEGC45C0302,02-sep-25,ZTEGC45C0302,,
ZTEGC45C08C2,02-sep-25,ZTEGC45C08C2,,
ZTEGC45C08EB,02-sep-25,ZTEGC45C08EB,,
ZTEGC45C08F3,02-sep-25,ZTEGC45C08F3,,
ZTEGC45C09E9,02-sep-25,ZTEGC45C09E9,,
ZTEGC45C0B01,02-sep-25,ZTEGC45C0B01,,
ZTEGC45C0B38,02-sep-25,ZTEGC45C0B38,,
ZTEGC45C0C32,02-sep-25,ZTEGC45C0C32,,
ZTEGC45C0E63,02-sep-25,ZTEGC45C0E63,,
ZTEGC45C0EC6,02-sep-25,ZTEGC45C0EC6,,
ZTEGC45C10B7,02-sep-25,ZTEGC45C10B7,,
ZTEGCE4D2DD8,02-sep-25,ZTEGCE4D2DD8,,
ZTEGCE4D2DDC,02-sep-25,ZTEGCE4D2DDC,,
ZTEGCE4D2E5D,02-sep-25,ZTEGCE4D2E5D,,
ZTEGCE4D2EC2,02-sep-25,ZTEGCE4D2EC2,,
ZTEGCE4D2FAE,02-sep-25,ZTEGCE4D2FAE,,
ZTEGCE4D350A,02-sep-25,ZTEGCE4D350A,,
ZTEGCE4D395B,02-sep-25,ZTEGCE4D395B,,
ZTEGCE4D3A1D,02-sep-25,ZTEGCE4D3A1D,,
ZTEGCE4D3CDF,02-sep-25,ZTEGCE4D3CDF,,
ZTEGCE4D3EE5,02-sep-25,ZTEGCE4D3EE5,,
ZTEGCE4D470F,02-sep-25,ZTEGCE4D470F,,
ZTEGCE4D4722,02-sep-25,ZTEGCE4D4722,,
ZTEGCE4D4AAA,02-sep-25,ZTEGCE4D4AAA,,
ZTEGCE4D5911,02-sep-25,ZTEGCE4D5911,,
ZTEGCE4D59CC,02-sep-25,ZTEGCE4D59CC,,
ZTEGCE4FD1E0,02-sep-25,ZTEGCE4FD1E0,,
ZTEGCE4FD1FB,02-sep-25,ZTEGCE4FD1FB,,
ZTEGCE4FD2A6,02-sep-25,ZTEGCE4FD2A6,,
ZTEGCE4FD718,02-sep-25,ZTEGCE4FD718,,
ZTEGCE4FD818,02-sep-25,ZTEGCE4FD818,,
ZTEGCE4FD81E,02-sep-25,ZTEGCE4FD81E,,
ZTEGCE4FD88D,02-sep-25,ZTEGCE4FD88D,,
ZTEGCE4FDB1D,02-sep-25,ZTEGCE4FDB1D,,
ZTEGCE4FDBA6,02-sep-25,ZTEGCE4FDBA6,,
ZTEGCE4FDC7E,02-sep-25,ZTEGCE4FDC7E,,
ZTEGCE4FDD55,02-sep-25,ZTEGCE4FDD55,,
ZTEGCE4FDD86,02-sep-25,ZTEGCE4FDD86,,
ZTEGCE4FDDCF,02-sep-25,ZTEGCE4FDDCF,,
ZTEGCE4FDEB7,02-sep-25,ZTEGCE4FDEB7,,
ZTEGCE4FDFB4,02-sep-25,ZTEGCE4FDFB4,,
ZTEGCE5C86B2,02-sep-25,ZTEGCE5C86B2,,
ZTEGCE5C87D5,02-sep-25,ZTEGCE5C87D5,,
ZTEGCE5C8827,02-sep-25,ZTEGCE5C8827,,
ZTEGCE5C8AA6,02-sep-25,ZTEGCE5C8AA6,,
ZTEGCE5C8DFE,02-sep-25,ZTEGCE5C8DFE,,
ZTEGCE5C8F3F,02-sep-25,ZTEGCE5C8F3F,,
ZTEGCE5C93A0,02-sep-25,ZTEGCE5C93A0,,
ZTEGCE5C97C1,02-sep-25,ZTEGCE5C97C1,,
ZTEGCE5C9846,02-sep-25,ZTEGCE5C9846,,
ZTEGCE5C9B3A,02-sep-25,ZTEGCE5C9B3A,,
ZTEGCE5C9CBB,02-sep-25,ZTEGCE5C9CBB,,
ZTEGCE5C9F1C,02-sep-25,ZTEGCE5C9F1C,,
ZTEGCE5CA0CD,02-sep-25,ZTEGCE5CA0CD,,
ZTEGCE5CA0DC,02-sep-25,ZTEGCE5CA0DC,,
ZTEGCE5CA1E1,02-sep-25,ZTEGCE5CA1E1,,
ZTEGCEDD4004,02-sep-25,ZTEGCEDD4004,,
ZTEGCEDD4030,02-sep-25,ZTEGCEDD4030,,
ZTEGCEDD45C3,02-sep-25,ZTEGCEDD45C3,,
ZTEGCEDD468E,02-sep-25,ZTEGCEDD468E,,
ZTEGCEDD46EB,02-sep-25,ZTEGCEDD46EB,,
ZTEGCEDD478C,02-sep-25,ZTEGCEDD478C,,
ZTEGCEDD47AF,02-sep-25,ZTEGCEDD47AF,,
ZTEGCEDD49A1,02-sep-25,ZTEGCEDD49A1,,
ZTEGCEDD4A4D,02-sep-25,ZTEGCEDD4A4D,,
ZTEGCEDD4A73,02-sep-25,ZTEGCEDD4A73,,
ZTEGCEDD4D04,02-sep-25,ZTEGCEDD4D04,,
ZTEGCEDD4E76,02-sep-25,ZTEGCEDD4E76,,
ZTEGCEDD4ED5,02-sep-25,ZTEGCEDD4ED5,,
ZTEGCEDD51F0,02-sep-25,ZTEGCEDD51F0,,
ZTEGCEDD5215,02-sep-25,ZTEGCEDD5215,,
ZTEGC45C11A4,02-sep-25,ZTEGC45C11A4,,
ZTEGC45C12B6,02-sep-25,ZTEGC45C12B6,,
ZTEGC45C1353,02-sep-25,ZTEGC45C1353,,
ZTEGC45C1484,02-sep-25,ZTEGC45C1484,,
ZTEGC45C15D6,02-sep-25,ZTEGC45C15D6,,
ZTEGC45C1C41,02-sep-25,ZTEGC45C1C41,,
ZTEGC45C1CE5,02-sep-25,ZTEGC45C1CE5,,
ZTEGC45C1EE1,02-sep-25,ZTEGC45C1EE1,,
ZTEGC45C20AE,02-sep-25,ZTEGC45C20AE,,
ZTEGC45C20B0,02-sep-25,ZTEGC45C20B0,,
ZTEGC45C2137,02-sep-25,ZTEGC45C2137,,
ZTEGC45C2148,02-sep-25,ZTEGC45C2148,,
ZTEGC45C2B88,02-sep-25,ZTEGC45C2B88,,
ZTEGC45C2C32,02-sep-25,ZTEGC45C2C32,,
ZTEGC45C2D05,02-sep-25,ZTEGC45C2D05,,
ZTEGCE4454FA,02-sep-25,ZTEGCE4454FA,,
ZTEGCE445A3B,02-sep-25,ZTEGCE445A3B,,
ZTEGCE445C21,02-sep-25,ZTEGCE445C21,,
ZTEGCE445C4A,02-sep-25,ZTEGCE445C4A,,
ZTEGCE445FFE,02-sep-25,ZTEGCE445FFE,,
ZTEGCE446D11,02-sep-25,ZTEGCE446D11,,
ZTEGCE446DC9,02-sep-25,ZTEGCE446DC9,,
ZTEGCE446E33,02-sep-25,ZTEGCE446E33,,
ZTEGCE447119,02-sep-25,ZTEGCE447119,,
ZTEGCE4D22D8,02-sep-25,ZTEGCE4D22D8,,
ZTEGCE4D2362,02-sep-25,ZTEGCE4D2362,,
ZTEGCE4D2376,02-sep-25,ZTEGCE4D2376,,
ZTEGCE4D238B,02-sep-25,ZTEGCE4D238B,,
ZTEGCE4D267F,02-sep-25,ZTEGCE4D267F,,
ZTEGCE4D2D59,02-sep-25,ZTEGCE4D2D59,,
ZTEGCE4F7A69,02-sep-25,ZTEGCE4F7A69,,
ZTEGCE4F7BC3,02-sep-25,ZTEGCE4F7BC3,,
ZTEGCE4F7FBC,02-sep-25,ZTEGCE4F7FBC,,
ZTEGCE4F7FC2,02-sep-25,ZTEGCE4F7FC2,,
ZTEGCE4F8002,02-sep-25,ZTEGCE4F8002,,
ZTEGCE4F800E,02-sep-25,ZTEGCE4F800E,,
ZTEGCE4F8036,02-sep-25,ZTEGCE4F8036,,
ZTEGCE4F8175,02-sep-25,ZTEGCE4F8175,,
ZTEGCE4F81FD,02-sep-25,ZTEGCE4F81FD,,
ZTEGCE4F845A,02-sep-25,ZTEGCE4F845A,,
ZTEGCE4F8544,02-sep-25,ZTEGCE4F8544,,
ZTEGCE4F85DE,02-sep-25,ZTEGCE4F85DE,,
ZTEGCE4F8762,02-sep-25,ZTEGCE4F8762,,
ZTEGCE4F891B,02-sep-25,ZTEGCE4F891B,,
ZTEGCE4F8BF0,02-sep-25,ZTEGCE4F8BF0,,
ZTEGCE4FF901,02-sep-25,ZTEGCE4FF901,,
ZTEGCE4FFB5D,02-sep-25,ZTEGCE4FFB5D,,
ZTEGCE4FFE20,02-sep-25,ZTEGCE4FFE20,,
ZTEGCE4FFEBF,02-sep-25,ZTEGCE4FFEBF,,
ZTEGCE5001AE,02-sep-25,ZTEGCE5001AE,,
ZTEGCE5003D4,02-sep-25,ZTEGCE5003D4,,
ZTEGCE5007EE,02-sep-25,ZTEGCE5007EE,,
ZTEGCE5C18F8,02-sep-25,ZTEGCE5C18F8,,
ZTEGCE5C1AF0,02-sep-25,ZTEGCE5C1AF0,,
ZTEGCE5C1B52,02-sep-25,ZTEGCE5C1B52,,
ZTEGCE5C1BC9,02-sep-25,ZTEGCE5C1BC9,,
ZTEGCE5C1C3D,02-sep-25,ZTEGCE5C1C3D,,
ZTEGCE5C1CBC,02-sep-25,ZTEGCE5C1CBC,,
ZTEGCE5C1D3E,02-sep-25,ZTEGCE5C1D3E,,
ZTEGCE5C1D5E,02-sep-25,ZTEGCE5C1D5E,,
ZTEGCE9FF543,02-sep-25,ZTEGCE9FF543,,
ZTEGCE9FF5B8,02-sep-25,ZTEGCE9FF5B8,,
ZTEGCE9FF99F,02-sep-25,ZTEGCE9FF99F,,
ZTEGCE9FF9AD,02-sep-25,ZTEGCE9FF9AD,,
ZTEGCE9FFA55,02-sep-25,ZTEGCE9FFA55,,
ZTEGCEA00299,02-sep-25,ZTEGCEA00299,,
ZTEGCEA004CE,02-sep-25,ZTEGCEA004CE,,
ZTEGCEA004E0,02-sep-25,ZTEGCEA004E0,,
ZTEGCEA0054D,02-sep-25,ZTEGCEA0054D,,
ZTEGCEA005A6,02-sep-25,ZTEGCEA005A6,,
ZTEGCEA01322,02-sep-25,ZTEGCEA01322,,
ZTEGCEA01CF6,02-sep-25,ZTEGCEA01CF6,,
ZTEGCEA01E2B,02-sep-25,ZTEGCEA01E2B,,
ZTEGCEA01F7B,02-sep-25,ZTEGCEA01F7B,,
ZTEGCEA020E7,02-sep-25,ZTEGCEA020E7,,
ZTEGCEDD8468,02-sep-25,ZTEGCEDD8468,,
ZTEGCEDD848C,02-sep-25,ZTEGCEDD848C,,
ZTEGCEDD85E8,02-sep-25,ZTEGCEDD85E8,,
ZTEGCEDD86D8,02-sep-25,ZTEGCEDD86D8,,
ZTEGCEDD8995,02-sep-25,ZTEGCEDD8995,,
ZTEGCEDD89F1,02-sep-25,ZTEGCEDD89F1,,
ZTEGCEDD8CB4,02-sep-25,ZTEGCEDD8CB4,,
ZTEGCEDD8CF0,02-sep-25,ZTEGCEDD8CF0,,
ZTEGCEDD8E05,02-sep-25,ZTEGCEDD8E05,,
ZTEGCEDD8EB3,02-sep-25,ZTEGCEDD8EB3,,
ZTEGCEDD8F2B,02-sep-25,ZTEGCEDD8F2B,,
ZTEGCEDD9052,02-sep-25,ZTEGCEDD9052,,
ZTEGCEDD9071,02-sep-25,ZTEGCEDD9071,,
ZTEGCEDD9174,02-sep-25,ZTEGCEDD9174,,
ZTEGCEDD939C,02-sep-25,ZTEGCEDD939C,,
ZTEGC45C2E50,02-sep-25,ZTEGC45C2E50,,
ZTEGC45C3146,02-sep-25,ZTEGC45C3146,,
ZTEGC45C3168,02-sep-25,ZTEGC45C3168,,
ZTEGC45C35BB,02-sep-25,ZTEGC45C35BB,,
ZTEGC45C36B4,02-sep-25,ZTEGC45C36B4,,
ZTEGC45C3CE2,02-sep-25,ZTEGC45C3CE2,,
ZTEGC45C3D2F,02-sep-25,ZTEGC45C3D2F,,
ZTEGC45C3FB9,02-sep-25,ZTEGC45C3FB9,,
ZTEGC45C481E,02-sep-25,ZTEGC45C481E,,
ZTEGC45C4C89,02-sep-25,ZTEGC45C4C89,,
ZTEGC45C4DA1,02-sep-25,ZTEGC45C4DA1,,
ZTEGC45C4E69,02-sep-25,ZTEGC45C4E69,,
ZTEGC45C4F53,02-sep-25,ZTEGC45C4F53,,
ZTEGC45C5173,02-sep-25,ZTEGC45C5173,,
ZTEGC45C51B0,02-sep-25,ZTEGC45C51B0,,
ZTEGCE43FA3F,02-sep-25,ZTEGCE43FA3F,,
ZTEGCE43FB47,02-sep-25,ZTEGCE43FB47,,
ZTEGCE43FBC2,02-sep-25,ZTEGCE43FBC2,,
ZTEGCE43FFFB,02-sep-25,ZTEGCE43FFFB,,
ZTEGCE4400FE,02-sep-25,ZTEGCE4400FE,,
ZTEGCE440206,02-sep-25,ZTEGCE440206,,
ZTEGCE4405C2,02-sep-25,ZTEGCE4405C2,,
ZTEGCE4407A3,02-sep-25,ZTEGCE4407A3,,
ZTEGCE440B8D,02-sep-25,ZTEGCE440B8D,,
ZTEGCE440FEE,02-sep-25,ZTEGCE440FEE,,
ZTEGCE44105A,02-sep-25,ZTEGCE44105A,,
ZTEGCE441126,02-sep-25,ZTEGCE441126,,
ZTEGCE44121C,02-sep-25,ZTEGCE44121C,,
ZTEGCE44132B,02-sep-25,ZTEGCE44132B,,
ZTEGCE4419FB,02-sep-25,ZTEGCE4419FB,,
ZTEGCE4F8F71,02-sep-25,ZTEGCE4F8F71,,
ZTEGCE4F908F,02-sep-25,ZTEGCE4F908F,,
ZTEGCE4F9185,02-sep-25,ZTEGCE4F9185,,
ZTEGCE4F9430,02-sep-25,ZTEGCE4F9430,,
ZTEGCE4F96F9,02-sep-25,ZTEGCE4F96F9,,
ZTEGCE4F980A,02-sep-25,ZTEGCE4F980A,,
ZTEGCE4F98AF,02-sep-25,ZTEGCE4F98AF,,
ZTEGCE4F9998,02-sep-25,ZTEGCE4F9998,,
ZTEGCE4F99C0,02-sep-25,ZTEGCE4F99C0,,
ZTEGCE4F99D6,02-sep-25,ZTEGCE4F99D6,,
ZTEGCE4F9A94,02-sep-25,ZTEGCE4F9A94,,
ZTEGCE4F9D0B,02-sep-25,ZTEGCE4F9D0B,,
ZTEGCE4F9D2C,02-sep-25,ZTEGCE4F9D2C,,
ZTEGCE4F9D5B,02-sep-25,ZTEGCE4F9D5B,,
ZTEGCE4F9F77,02-sep-25,ZTEGCE4F9F77,,
ZTEGCE4FEC81,02-sep-25,ZTEGCE4FEC81,,
ZTEGCE4FED9D,02-sep-25,ZTEGCE4FED9D,,
ZTEGCE4FF083,02-sep-25,ZTEGCE4FF083,,
ZTEGCE4FF119,02-sep-25,ZTEGCE4FF119,,
ZTEGCE4FF16C,02-sep-25,ZTEGCE4FF16C,,
ZTEGCE4FF195,02-sep-25,ZTEGCE4FF195,,
ZTEGCE4FF1EB,02-sep-25,ZTEGCE4FF1EB,,
ZTEGCE4FF1EF,02-sep-25,ZTEGCE4FF1EF,,
ZTEGCE4FF257,02-sep-25,ZTEGCE4FF257,,
ZTEGCE4FF2B8,02-sep-25,ZTEGCE4FF2B8,,
ZTEGCE4FF2F1,02-sep-25,ZTEGCE4FF2F1,,
ZTEGCE4FF302,02-sep-25,ZTEGCE4FF302,,
ZTEGCE4FF453,02-sep-25,ZTEGCE4FF453,,
ZTEGCE4FF4B5,02-sep-25,ZTEGCE4FF4B5,,
ZTEGCE4FF503,02-sep-25,ZTEGCE4FF503,,
ZTEGCE5CA37F,02-sep-25,ZTEGCE5CA37F,,
ZTEGCE5CA494,02-sep-25,ZTEGCE5CA494,,
ZTEGCE5CA529,02-sep-25,ZTEGCE5CA529,,
ZTEGCE5CA545,02-sep-25,ZTEGCE5CA545,,
ZTEGCE5CA5B8,02-sep-25,ZTEGCE5CA5B8,,
ZTEGCE5CA695,02-sep-25,ZTEGCE5CA695,,
ZTEGCE5CA6A4,02-sep-25,ZTEGCE5CA6A4,,
ZTEGCE5CA98C,02-sep-25,ZTEGCE5CA98C,,
ZTEGCE5CAB27,02-sep-25,ZTEGCE5CAB27,,
ZTEGCE5CAB96,02-sep-25,ZTEGCE5CAB96,,
ZTEGCE5CAD93,02-sep-25,ZTEGCE5CAD93,,
ZTEGCE5CAEA8,02-sep-25,ZTEGCE5CAEA8,,
ZTEGCE5CB211,02-sep-25,ZTEGCE5CB211,,
ZTEGCE5CB26F,02-sep-25,ZTEGCE5CB26F,,
ZTEGCE5CB2E7,02-sep-25,ZTEGCE5CB2E7,,
ZTEGCEDD667F,02-sep-25,ZTEGCEDD667F,,
ZTEGCEDD6691,02-sep-25,ZTEGCEDD6691,,
ZTEGCEDD67F3,02-sep-25,ZTEGCEDD67F3,,
ZTEGCEDD6826,02-sep-25,ZTEGCEDD6826,,
ZTEGCEDD688B,02-sep-25,ZTEGCEDD688B,,
ZTEGCEDD7000,02-sep-25,ZTEGCEDD7000,,
ZTEGCEDD71FD,02-sep-25,ZTEGCEDD71FD,,
ZTEGCEDD75E8,02-sep-25,ZTEGCEDD75E8,,
ZTEGCEDD75F3,02-sep-25,ZTEGCEDD75F3,,
ZTEGCEDD7704,02-sep-25,ZTEGCEDD7704,,
ZTEGCEDD7AF3,02-sep-25,ZTEGCEDD7AF3,,
ZTEGCEDD7C51,02-sep-25,ZTEGCEDD7C51,,
ZTEGCEDD7FC9,02-sep-25,ZTEGCEDD7FC9,,
ZTEGCEDD8071,02-sep-25,ZTEGCEDD8071,,
ZTEGCEDD831E,02-sep-25,ZTEGCEDD831E,,
ZTEGC45C52D4,02-sep-25,ZTEGC45C52D4,,
ZTEGC45C537B,02-sep-25,ZTEGC45C537B,,
ZTEGC45C5390,02-sep-25,ZTEGC45C5390,,
ZTEGC45C5471,02-sep-25,ZTEGC45C5471,,
ZTEGC45C5552,02-sep-25,ZTEGC45C5552,,
ZTEGC45C55EE,02-sep-25,ZTEGC45C55EE,,
ZTEGC45C55F0,02-sep-25,ZTEGC45C55F0,,
ZTEGC45C596D,02-sep-25,ZTEGC45C596D,,
ZTEGC45C597F,02-sep-25,ZTEGC45C597F,,
ZTEGC45C5A44,02-sep-25,ZTEGC45C5A44,,
ZTEGC45C5A6A,02-sep-25,ZTEGC45C5A6A,,
ZTEGC45C5AA8,02-sep-25,ZTEGC45C5AA8,,
ZTEGC45C5B58,02-sep-25,ZTEGC45C5B58,,
ZTEGC45C5DEC,02-sep-25,ZTEGC45C5DEC,,
ZTEGC45C5F3B,02-sep-25,ZTEGC45C5F3B,,
ZTEGCE44245A,02-sep-25,ZTEGCE44245A,,
ZTEGCE4426F0,02-sep-25,ZTEGCE4426F0,,
ZTEGCE44281F,02-sep-25,ZTEGCE44281F,,
ZTEGCE443045,02-sep-25,ZTEGCE443045,,
ZTEGCE443228,02-sep-25,ZTEGCE443228,,
ZTEGCE4432FE,02-sep-25,ZTEGCE4432FE,,
ZTEGCE44362B,02-sep-25,ZTEGCE44362B,,
ZTEGCE443E7F,02-sep-25,ZTEGCE443E7F,,
ZTEGCE44402C,02-sep-25,ZTEGCE44402C,,
ZTEGCE444307,02-sep-25,ZTEGCE444307,,
ZTEGCE444454,02-sep-25,ZTEGCE444454,,
ZTEGCE4447C3,02-sep-25,ZTEGCE4447C3,,
ZTEGCE444803,02-sep-25,ZTEGCE444803,,
ZTEGCE444CB4,02-sep-25,ZTEGCE444CB4,,
ZTEGCE444DBE,02-sep-25,ZTEGCE444DBE,,
ZTEGCE4FBD1F,02-sep-25,ZTEGCE4FBD1F,,
ZTEGCE4FBD78,02-sep-25,ZTEGCE4FBD78,,
ZTEGCE4FC2F2,02-sep-25,ZTEGCE4FC2F2,,
ZTEGCE4FC38B,02-sep-25,ZTEGCE4FC38B,,
ZTEGCE4FC6EB,02-sep-25,ZTEGCE4FC6EB,,
ZTEGCE4FC768,02-sep-25,ZTEGCE4FC768,,
ZTEGCE4FC88C,02-sep-25,ZTEGCE4FC88C,,
ZTEGCE4FCA05,02-sep-25,ZTEGCE4FCA05,,
ZTEGCE4FCA3A,02-sep-25,ZTEGCE4FCA3A,,
ZTEGCE4FCBB7,02-sep-25,ZTEGCE4FCBB7,,
ZTEGCE4FCC19,02-sep-25,ZTEGCE4FCC19,,
ZTEGCE4FCC23,02-sep-25,ZTEGCE4FCC23,,
ZTEGCE4FCDD6,02-sep-25,ZTEGCE4FCDD6,,
ZTEGCE4FCE7C,02-sep-25,ZTEGCE4FCE7C,,
ZTEGCE4FD1DD,02-sep-25,ZTEGCE4FD1DD,,
ZTEGCE5C35FA,02-sep-25,ZTEGCE5C35FA,,
ZTEGCE5C366B,02-sep-25,ZTEGCE5C366B,,
ZTEGCE5C3688,02-sep-25,ZTEGCE5C3688,,
ZTEGCE5C36E7,02-sep-25,ZTEGCE5C36E7,,
ZTEGCE5C38D5,02-sep-25,ZTEGCE5C38D5,,
ZTEGCE5C3905,02-sep-25,ZTEGCE5C3905,,
ZTEGCE5C3ABC,02-sep-25,ZTEGCE5C3ABC,,
ZTEGCE5C3B32,02-sep-25,ZTEGCE5C3B32,,
ZTEGCE5C3B64,02-sep-25,ZTEGCE5C3B64,,
ZTEGCE5C3DAE,02-sep-25,ZTEGCE5C3DAE,,
ZTEGCE5C3FD9,02-sep-25,ZTEGCE5C3FD9,,
ZTEGCE5C3FEB,02-sep-25,ZTEGCE5C3FEB,,
ZTEGCE5C3FF1,02-sep-25,ZTEGCE5C3FF1,,
ZTEGCE5C4008,02-sep-25,ZTEGCE5C4008,,
ZTEGCE5C408F,02-sep-25,ZTEGCE5C408F,,
ZTEGCEA089FA,02-sep-25,ZTEGCEA089FA,,
ZTEGCEA08C24,02-sep-25,ZTEGCEA08C24,,
ZTEGCEA08E7B,02-sep-25,ZTEGCEA08E7B,,
ZTEGCEA09049,02-sep-25,ZTEGCEA09049,,
ZTEGCEA0904B,02-sep-25,ZTEGCEA0904B,,
ZTEGCEA09065,02-sep-25,ZTEGCEA09065,,
ZTEGCEA090B0,02-sep-25,ZTEGCEA090B0,,
ZTEGCEA090B9,02-sep-25,ZTEGCEA090B9,,
ZTEGCEA09149,02-sep-25,ZTEGCEA09149,,
ZTEGCEA0921E,02-sep-25,ZTEGCEA0921E,,
ZTEGCEA093D7,02-sep-25,ZTEGCEA093D7,,
ZTEGCEA093F2,02-sep-25,ZTEGCEA093F2,,
ZTEGCEA0945D,02-sep-25,ZTEGCEA0945D,,
ZTEGCEA09490,02-sep-25,ZTEGCEA09490,,
ZTEGCEA094F7,02-sep-25,ZTEGCEA094F7,,
ZTEGCEDE31BC,02-sep-25,ZTEGCEDE31BC,,
ZTEGCEDE31C9,02-sep-25,ZTEGCEDE31C9,,
ZTEGCEDE32A9,02-sep-25,ZTEGCEDE32A9,,
ZTEGCEDE32B4,02-sep-25,ZTEGCEDE32B4,,
ZTEGCEDE32FF,02-sep-25,ZTEGCEDE32FF,,
ZTEGCEDE346B,02-sep-25,ZTEGCEDE346B,,
ZTEGCEDE3581,02-sep-25,ZTEGCEDE3581,,
ZTEGCEDE36B0,02-sep-25,ZTEGCEDE36B0,,
ZTEGCEDE36F1,02-sep-25,ZTEGCEDE36F1,,
ZTEGCEDE39D5,02-sep-25,ZTEGCEDE39D5,,
ZTEGCEDE3A9F,02-sep-25,ZTEGCEDE3A9F,,
ZTEGCEDE3ABB,02-sep-25,ZTEGCEDE3ABB,,
ZTEGCEDE3B4C,02-sep-25,ZTEGCEDE3B4C,,
ZTEGCEDE3BE7,02-sep-25,ZTEGCEDE3BE7,,
ZTEGCEDE3E0A,02-sep-25,ZTEGCEDE3E0A,,
ZTEGC45C5FC2,02-sep-25,ZTEGC45C5FC2,,
ZTEGC45C60BC,02-sep-25,ZTEGC45C60BC,,
ZTEGC45C6151,02-sep-25,ZTEGC45C6151,,
ZTEGC45C6341,02-sep-25,ZTEGC45C6341,,
ZTEGC45C657C,02-sep-25,ZTEGC45C657C,,
ZTEGC45C69C8,02-sep-25,ZTEGC45C69C8,,
ZTEGC45C6A7D,02-sep-25,ZTEGC45C6A7D,,
ZTEGC45C6F2C,02-sep-25,ZTEGC45C6F2C,,
ZTEGC45C7014,02-sep-25,ZTEGC45C7014,,
ZTEGC45C70A8,02-sep-25,ZTEGC45C70A8,,
ZTEGC45C71DE,02-sep-25,ZTEGC45C71DE,,
ZTEGC45C726F,02-sep-25,ZTEGC45C726F,,
ZTEGC45C73C8,02-sep-25,ZTEGC45C73C8,,
ZTEGCE43ADDE,02-sep-25,ZTEGCE43ADDE,,
ZTEGCE43AE62,02-sep-25,ZTEGCE43AE62,,
ZTEGCE4D5A20,02-sep-25,ZTEGCE4D5A20,,
ZTEGCE4D5F38,02-sep-25,ZTEGCE4D5F38,,
ZTEGCE4D6D0F,02-sep-25,ZTEGCE4D6D0F,,
ZTEGCE4D71DA,02-sep-25,ZTEGCE4D71DA,,
ZTEGCE4D7764,02-sep-25,ZTEGCE4D7764,,
ZTEGCE4D7A97,02-sep-25,ZTEGCE4D7A97,,
ZTEGCE4D7BC9,02-sep-25,ZTEGCE4D7BC9,,
ZTEGCE4D7D22,02-sep-25,ZTEGCE4D7D22,,
ZTEGCE4D7D8C,02-sep-25,ZTEGCE4D7D8C,,
ZTEGCE4D7EDC,02-sep-25,ZTEGCE4D7EDC,,
ZTEGCE4D7EF6,02-sep-25,ZTEGCE4D7EF6,,
ZTEGCE4D7FE5,02-sep-25,ZTEGCE4D7FE5,,
ZTEGCE4D7FF5,02-sep-25,ZTEGCE4D7FF5,,
ZTEGCE4D8055,02-sep-25,ZTEGCE4D8055,,
ZTEGCE4D80AB,02-sep-25,ZTEGCE4D80AB,,
ZTEGCE4FAFCC,02-sep-25,ZTEGCE4FAFCC,,
ZTEGCE4FB057,02-sep-25,ZTEGCE4FB057,,
ZTEGCE4FB0D0,02-sep-25,ZTEGCE4FB0D0,,
ZTEGCE4FB314,02-sep-25,ZTEGCE4FB314,,
ZTEGCE4FB357,02-sep-25,ZTEGCE4FB357,,
ZTEGCE4FB436,02-sep-25,ZTEGCE4FB436,,
ZTEGCE4FB49C,02-sep-25,ZTEGCE4FB49C,,
ZTEGCE4FB5A9,02-sep-25,ZTEGCE4FB5A9,,
ZTEGCE4FB706,02-sep-25,ZTEGCE4FB706,,
ZTEGCE4FB7CB,02-sep-25,ZTEGCE4FB7CB,,
ZTEGCE4FB8C8,02-sep-25,ZTEGCE4FB8C8,,
ZTEGCE4FBA8D,02-sep-25,ZTEGCE4FBA8D,,
ZTEGCE4FBB14,02-sep-25,ZTEGCE4FBB14,,
ZTEGCE4FBBAD,02-sep-25,ZTEGCE4FBBAD,,
ZTEGCE4FBD0B,02-sep-25,ZTEGCE4FBD0B,,
ZTEGCE5C29F5,02-sep-25,ZTEGCE5C29F5,,
ZTEGCE5C29F6,02-sep-25,ZTEGCE5C29F6,,
ZTEGCE5C2A2F,02-sep-25,ZTEGCE5C2A2F,,
ZTEGCE5C2A3A,02-sep-25,ZTEGCE5C2A3A,,
ZTEGCE5C2A46,02-sep-25,ZTEGCE5C2A46,,
ZTEGCE5C2C44,02-sep-25,ZTEGCE5C2C44,,
ZTEGCE5C3076,02-sep-25,ZTEGCE5C3076,,
ZTEGCE5C308E,02-sep-25,ZTEGCE5C308E,,
ZTEGCE5C30C5,02-sep-25,ZTEGCE5C30C5,,
ZTEGCE5C3155,02-sep-25,ZTEGCE5C3155,,
ZTEGCE5C3164,02-sep-25,ZTEGCE5C3164,,
ZTEGCE5C325A,02-sep-25,ZTEGCE5C325A,,
ZTEGCE5C32EF,02-sep-25,ZTEGCE5C32EF,,
ZTEGCE5C34E3,02-sep-25,ZTEGCE5C34E3,,
ZTEGCE5C35AA,02-sep-25,ZTEGCE5C35AA,,
ZTEGCE5CC137,02-sep-25,ZTEGCE5CC137,,
ZTEGCE5CC160,02-sep-25,ZTEGCE5CC160,,
ZTEGCE5CC260,02-sep-25,ZTEGCE5CC260,,
ZTEGCE9FE018,02-sep-25,ZTEGCE9FE018,,
ZTEGCE9FE2EC,02-sep-25,ZTEGCE9FE2EC,,
ZTEGCE9FE734,02-sep-25,ZTEGCE9FE734,,
ZTEGCE9FE7AD,02-sep-25,ZTEGCE9FE7AD,,
ZTEGCE9FE7CA,02-sep-25,ZTEGCE9FE7CA,,
ZTEGCE9FE7EF,02-sep-25,ZTEGCE9FE7EF,,
ZTEGCE9FEB2F,02-sep-25,ZTEGCE9FEB2F,,
ZTEGCE9FEB68,02-sep-25,ZTEGCE9FEB68,,
ZTEGCE9FED43,02-sep-25,ZTEGCE9FED43,,
ZTEGCE9FED8A,02-sep-25,ZTEGCE9FED8A,,
ZTEGCE9FEFE9,02-sep-25,ZTEGCE9FEFE9,,
ZTEGCE9FF32E,02-sep-25,ZTEGCE9FF32E,,
ZTEGCEDD5918,02-sep-25,ZTEGCEDD5918,,
ZTEGCEDD593B,02-sep-25,ZTEGCEDD593B,,
ZTEGCEDD599B,02-sep-25,ZTEGCEDD599B,,
ZTEGCEDD5A12,02-sep-25,ZTEGCEDD5A12,,
ZTEGCEDD5A79,02-sep-25,ZTEGCEDD5A79,,
ZTEGCEDD5AB8,02-sep-25,ZTEGCEDD5AB8,,
ZTEGCEDD5AC1,02-sep-25,ZTEGCEDD5AC1,,
ZTEGCEDD5B72,02-sep-25,ZTEGCEDD5B72,,
ZTEGCEDD5D57,02-sep-25,ZTEGCEDD5D57,,
ZTEGCEDD5D69,02-sep-25,ZTEGCEDD5D69,,
ZTEGCEDD63A1,02-sep-25,ZTEGCEDD63A1,,
ZTEGCEDD63C5,02-sep-25,ZTEGCEDD63C5,,
ZTEGCEDD6451,02-sep-25,ZTEGCEDD6451,,
ZTEGCEDD6491,02-sep-25,ZTEGCEDD6491,,
ZTEGCEDD64DF,02-sep-25,ZTEGCEDD64DF,,
ZTEGCE43B2C4,02-sep-25,ZTEGCE43B2C4,,
ZTEGCE43B504,02-sep-25,ZTEGCE43B504,,
ZTEGCE43B614,02-sep-25,ZTEGCE43B614,,
ZTEGCE43BA84,02-sep-25,ZTEGCE43BA84,,
ZTEGCE43BC3B,02-sep-25,ZTEGCE43BC3B,,
ZTEGCE43BC4A,02-sep-25,ZTEGCE43BC4A,,
ZTEGCE43BCA7,02-sep-25,ZTEGCE43BCA7,,
ZTEGCE43C63C,02-sep-25,ZTEGCE43C63C,,
ZTEGCE43C849,02-sep-25,ZTEGCE43C849,,
ZTEGCE43C8EC,02-sep-25,ZTEGCE43C8EC,,
ZTEGCE43CB5B,02-sep-25,ZTEGCE43CB5B,,
ZTEGCE43CD61,02-sep-25,ZTEGCE43CD61,,
ZTEGCE43D0B6,02-sep-25,ZTEGCE43D0B6,,
ZTEGCE43D0F8,02-sep-25,ZTEGCE43D0F8,,
ZTEGCE43D233,02-sep-25,ZTEGCE43D233,,
ZTEGCE4D821D,02-sep-25,ZTEGCE4D821D,,
ZTEGCE4D8308,02-sep-25,ZTEGCE4D8308,,
ZTEGCE4D856C,02-sep-25,ZTEGCE4D856C,,
ZTEGCE4D877A,02-sep-25,ZTEGCE4D877A,,
ZTEGCE4D87C0,02-sep-25,ZTEGCE4D87C0,,
ZTEGCE4D8925,02-sep-25,ZTEGCE4D8925,,
ZTEGCE4D8A16,02-sep-25,ZTEGCE4D8A16,,
ZTEGCE4D8BBE,02-sep-25,ZTEGCE4D8BBE,,
ZTEGCE4D8C4E,02-sep-25,ZTEGCE4D8C4E,,
ZTEGCE4D8CBD,02-sep-25,ZTEGCE4D8CBD,,
ZTEGCE4D8D0D,02-sep-25,ZTEGCE4D8D0D,,
ZTEGCE4D8D69,02-sep-25,ZTEGCE4D8D69,,
ZTEGCE4D8D6D,02-sep-25,ZTEGCE4D8D6D,,
ZTEGCE4D8E58,02-sep-25,ZTEGCE4D8E58,,
ZTEGCE4D92D6,02-sep-25,ZTEGCE4D92D6,,
ZTEGCE4F9FB5,02-sep-25,ZTEGCE4F9FB5,,
ZTEGCE4FA0D4,02-sep-25,ZTEGCE4FA0D4,,
ZTEGCE4FA3A8,02-sep-25,ZTEGCE4FA3A8,,
ZTEGCE4FA3B1,02-sep-25,ZTEGCE4FA3B1,,
ZTEGCE4FA3BB,02-sep-25,ZTEGCE4FA3BB,,
ZTEGCE4FA611,02-sep-25,ZTEGCE4FA611,,
ZTEGCE4FA785,02-sep-25,ZTEGCE4FA785,,
ZTEGCE4FA91B,02-sep-25,ZTEGCE4FA91B,,
ZTEGCE4FAA11,02-sep-25,ZTEGCE4FAA11,,
ZTEGCE4FAA5A,02-sep-25,ZTEGCE4FAA5A,,
ZTEGCE4FADB5,02-sep-25,ZTEGCE4FADB5,,
ZTEGCE4FAE8A,02-sep-25,ZTEGCE4FAE8A,,
ZTEGCE4FAF81,02-sep-25,ZTEGCE4FAF81,,
ZTEGCE4FAF9D,02-sep-25,ZTEGCE4FAF9D,,
ZTEGCE4FAFBA,02-sep-25,ZTEGCE4FAFBA,,
ZTEGCE5C1D98,02-sep-25,ZTEGCE5C1D98,,
ZTEGCE5C1DD2,02-sep-25,ZTEGCE5C1DD2,,
ZTEGCE5C1F7D,02-sep-25,ZTEGCE5C1F7D,,
ZTEGCE5C201B,02-sep-25,ZTEGCE5C201B,,
ZTEGCE5C20BE,02-sep-25,ZTEGCE5C20BE,,
ZTEGCE5C2100,02-sep-25,ZTEGCE5C2100,,
ZTEGCE5C210D,02-sep-25,ZTEGCE5C210D,,
ZTEGCE5C2120,02-sep-25,ZTEGCE5C2120,,
ZTEGCE5C2127,02-sep-25,ZTEGCE5C2127,,
ZTEGCE5C25A1,02-sep-25,ZTEGCE5C25A1,,
ZTEGCE5C269A,02-sep-25,ZTEGCE5C269A,,
ZTEGCE5C2875,02-sep-25,ZTEGCE5C2875,,
ZTEGCE5C288C,02-sep-25,ZTEGCE5C288C,,
ZTEGCE5C28D5,02-sep-25,ZTEGCE5C28D5,,
ZTEGCE5C2909,02-sep-25,ZTEGCE5C2909,,
ZTEGCE5CB38E,02-sep-25,ZTEGCE5CB38E,,
ZTEGCE5CB48B,02-sep-25,ZTEGCE5CB48B,,
ZTEGCE5CB637,02-sep-25,ZTEGCE5CB637,,
ZTEGCE5CB746,02-sep-25,ZTEGCE5CB746,,
ZTEGCE5CB851,02-sep-25,ZTEGCE5CB851,,
ZTEGCE5CB96B,02-sep-25,ZTEGCE5CB96B,,
ZTEGCE5CBA05,02-sep-25,ZTEGCE5CBA05,,
ZTEGCE5CBAEA,02-sep-25,ZTEGCE5CBAEA,,
ZTEGCE5CBB16,02-sep-25,ZTEGCE5CBB16,,
ZTEGCE5CBB6C,02-sep-25,ZTEGCE5CBB6C,,
ZTEGCE5CBBA3,02-sep-25,ZTEGCE5CBBA3,,
ZTEGCE5CBC13,02-sep-25,ZTEGCE5CBC13,,
ZTEGCE5CBC3E,02-sep-25,ZTEGCE5CBC3E,,
ZTEGCE5CBF79,02-sep-25,ZTEGCE5CBF79,,
ZTEGCE5CC0B8,02-sep-25,ZTEGCE5CC0B8,,
ZTEGCEDD521F,02-sep-25,ZTEGCEDD521F,,
ZTEGCEDD5287,02-sep-25,ZTEGCEDD5287,,
ZTEGCEDD530E,02-sep-25,ZTEGCEDD530E,,
ZTEGCEDD530F,02-sep-25,ZTEGCEDD530F,,
ZTEGCEDD548B,02-sep-25,ZTEGCEDD548B,,
ZTEGCEDD56CA,02-sep-25,ZTEGCEDD56CA,,
ZTEGCEDD56CF,02-sep-25,ZTEGCEDD56CF,,
ZTEGCEDD56F9,02-sep-25,ZTEGCEDD56F9,,
ZTEGCEDD577B,02-sep-25,ZTEGCEDD577B,,
ZTEGCEDD5862,02-sep-25,ZTEGCEDD5862,,
ZTEGCEDD58A1,02-sep-25,ZTEGCEDD58A1,,
ZTEGCEDD58C1,02-sep-25,ZTEGCEDD58C1,,
ZTEGCEDD58E7,02-sep-25,ZTEGCEDD58E7,,
ZTEGCEDD58EF,02-sep-25,ZTEGCEDD58EF,,
ZTEGCEDD58F4,02-sep-25,ZTEGCEDD58F4,,
ZTEGCE43D547,02-sep-25,ZTEGCE43D547,,
ZTEGCE43D565,02-sep-25,ZTEGCE43D565,,
ZTEGCE43D59F,02-sep-25,ZTEGCE43D59F,,
ZTEGCE43DA7C,02-sep-25,ZTEGCE43DA7C,,
ZTEGCE43DECC,02-sep-25,ZTEGCE43DECC,,
ZTEGCE43DF33,02-sep-25,ZTEGCE43DF33,,
ZTEGCE43E069,02-sep-25,ZTEGCE43E069,,
ZTEGCE43E099,02-sep-25,ZTEGCE43E099,,
ZTEGCE43E0E4,02-sep-25,ZTEGCE43E0E4,,
ZTEGCE43E107,02-sep-25,ZTEGCE43E107,,
ZTEGCE43E602,02-sep-25,ZTEGCE43E602,,
ZTEGCE43E62B,02-sep-25,ZTEGCE43E62B,,
ZTEGCE43E6D5,02-sep-25,ZTEGCE43E6D5,,
ZTEGCE43E9C1,02-sep-25,ZTEGCE43E9C1,,
ZTEGCE43EA9D,02-sep-25,ZTEGCE43EA9D,,
ZTEGCE4DD921,02-sep-25,ZTEGCE4DD921,,
ZTEGCE4DE3A5,02-sep-25,ZTEGCE4DE3A5,,
ZTEGCE4DE52C,02-sep-25,ZTEGCE4DE52C,,
ZTEGCE4F370E,02-sep-25,ZTEGCE4F370E,,
ZTEGCE4F371A,02-sep-25,ZTEGCE4F371A,,
ZTEGCE4F38D4,02-sep-25,ZTEGCE4F38D4,,
ZTEGCE4F3BE8,02-sep-25,ZTEGCE4F3BE8,,
ZTEGCE4F3F39,02-sep-25,ZTEGCE4F3F39,,
ZTEGCE4F4029,02-sep-25,ZTEGCE4F4029,,
ZTEGCE4F409B,02-sep-25,ZTEGCE4F409B,,
ZTEGCE4F4377,02-sep-25,ZTEGCE4F4377,,
ZTEGCE4F43D8,02-sep-25,ZTEGCE4F43D8,,
ZTEGCE4F4800,02-sep-25,ZTEGCE4F4800,,
ZTEGCE4F485D,02-sep-25,ZTEGCE4F485D,,
ZTEGCE4F4CFF,02-sep-25,ZTEGCE4F4CFF,,
ZTEGCE4FE0C8,02-sep-25,ZTEGCE4FE0C8,,
ZTEGCE4FE0DF,02-sep-25,ZTEGCE4FE0DF,,
ZTEGCE4FE171,02-sep-25,ZTEGCE4FE171,,
ZTEGCE4FE249,02-sep-25,ZTEGCE4FE249,,
ZTEGCE4FE5F7,02-sep-25,ZTEGCE4FE5F7,,
ZTEGCE4FE80E,02-sep-25,ZTEGCE4FE80E,,
ZTEGCE4FE889,02-sep-25,ZTEGCE4FE889,,
ZTEGCE4FEA08,02-sep-25,ZTEGCE4FEA08,,
ZTEGCE4FEA1B,02-sep-25,ZTEGCE4FEA1B,,
ZTEGCE4FEA8C,02-sep-25,ZTEGCE4FEA8C,,
ZTEGCE4FEA96,02-sep-25,ZTEGCE4FEA96,,
ZTEGCE4FEAA3,02-sep-25,ZTEGCE4FEAA3,,
ZTEGCE4FEB7A,02-sep-25,ZTEGCE4FEB7A,,
ZTEGCE4FEB9C,02-sep-25,ZTEGCE4FEB9C,,
ZTEGCE4FEBCF,02-sep-25,ZTEGCE4FEBCF,,
ZTEGCE5C50DA,02-sep-25,ZTEGCE5C50DA,,
ZTEGCE5C51B8,02-sep-25,ZTEGCE5C51B8,,
ZTEGCE5C52AD,02-sep-25,ZTEGCE5C52AD,,
ZTEGCE5C52BA,02-sep-25,ZTEGCE5C52BA,,
ZTEGCE5C53AA,02-sep-25,ZTEGCE5C53AA,,
ZTEGCE5C5470,02-sep-25,ZTEGCE5C5470,,
ZTEGCE5C551E,02-sep-25,ZTEGCE5C551E,,
ZTEGCE5C5535,02-sep-25,ZTEGCE5C5535,,
ZTEGCE5C57C8,02-sep-25,ZTEGCE5C57C8,,
ZTEGCE5C5A98,02-sep-25,ZTEGCE5C5A98,,
ZTEGCE5C5BFD,02-sep-25,ZTEGCE5C5BFD,,
ZTEGCE5C5C1F,02-sep-25,ZTEGCE5C5C1F,,
ZTEGCE5C5D06,02-sep-25,ZTEGCE5C5D06,,
ZTEGCE5C5DBC,02-sep-25,ZTEGCE5C5DBC,,
ZTEGCE5C5F1E,02-sep-25,ZTEGCE5C5F1E,,
ZTEGCEDD331C,02-sep-25,ZTEGCEDD331C,,
ZTEGCEDD3672,02-sep-25,ZTEGCEDD3672,,
ZTEGCEDD3721,02-sep-25,ZTEGCEDD3721,,
ZTEGCEDD3722,02-sep-25,ZTEGCEDD3722,,
ZTEGCEDD374D,02-sep-25,ZTEGCEDD374D,,
ZTEGCEDD3877,02-sep-25,ZTEGCEDD3877,,
ZTEGCEDD3975,02-sep-25,ZTEGCEDD3975,,
ZTEGCEDD399B,02-sep-25,ZTEGCEDD399B,,
ZTEGCEDD3A66,02-sep-25,ZTEGCEDD3A66,,
ZTEGCEDD3AD1,02-sep-25,ZTEGCEDD3AD1,,
ZTEGCEDD3B9F,02-sep-25,ZTEGCEDD3B9F,,
ZTEGCEDD3BA0,02-sep-25,ZTEGCEDD3BA0,,
ZTEGCEDD3C3C,02-sep-25,ZTEGCEDD3C3C,,
ZTEGCEDD3C7A,02-sep-25,ZTEGCEDD3C7A,,
ZTEGCEDD3E16,02-sep-25,ZTEGCEDD3E16,,
ZTEGCE4D94C1,02-sep-25,ZTEGCE4D94C1,,
ZTEGCE4D9526,02-sep-25,ZTEGCE4D9526,,
ZTEGCE4D9826,02-sep-25,ZTEGCE4D9826,,
ZTEGCE4D998B,02-sep-25,ZTEGCE4D998B,,
ZTEGCE4D99DD,02-sep-25,ZTEGCE4D99DD,,
ZTEGCE4D9BA5,02-sep-25,ZTEGCE4D9BA5,,
ZTEGCE4D9BB5,02-sep-25,ZTEGCE4D9BB5,,
ZTEGCE4D9BC5,02-sep-25,ZTEGCE4D9BC5,,
ZTEGCE4D9BCC,02-sep-25,ZTEGCE4D9BCC,,
ZTEGCE4D9BE7,02-sep-25,ZTEGCE4D9BE7,,
ZTEGCE4D9BED,02-sep-25,ZTEGCE4D9BED,,
ZTEGCE4D9CA9,02-sep-25,ZTEGCE4D9CA9,,
ZTEGCE4D9DCF,02-sep-25,ZTEGCE4D9DCF,,
ZTEGCE4D9E92,02-sep-25,ZTEGCE4D9E92,,
ZTEGCE4DA019,02-sep-25,ZTEGCE4DA019,,
ZTEGCEA095CE,02-sep-25,ZTEGCEA095CE,,
ZTEGCEA095E1,02-sep-25,ZTEGCEA095E1,,
ZTEGCEA0968E,02-sep-25,ZTEGCEA0968E,,
ZTEGCEA09A4E,02-sep-25,ZTEGCEA09A4E,,
ZTEGCEA09B49,02-sep-25,ZTEGCEA09B49,,
ZTEGCEA09B9E,02-sep-25,ZTEGCEA09B9E,,
ZTEGCEA09BAF,02-sep-25,ZTEGCEA09BAF,,
ZTEGCEA09BDE,02-sep-25,ZTEGCEA09BDE,,
ZTEGCEA09CBD,02-sep-25,ZTEGCEA09CBD,,
ZTEGCEA09D5C,02-sep-25,ZTEGCEA09D5C,,
ZTEGCEA09DA9,02-sep-25,ZTEGCEA09DA9,,
ZTEGCEDD175B,02-sep-25,ZTEGCEDD175B,,
ZTEGCEDD1856,02-sep-25,ZTEGCEDD1856,,
ZTEGCEDD195D,02-sep-25,ZTEGCEDD195D,,
ZTEGCEDD1A1A,02-sep-25,ZTEGCEDD1A1A,,
ZTEGCEDDFEC2,02-sep-25,ZTEGCEDDFEC2,,
ZTEGCEDDFF1C,02-sep-25,ZTEGCEDDFF1C,,
ZTEGCEDDFF52,02-sep-25,ZTEGCEDDFF52,,
ZTEGCEDDFFC9,02-sep-25,ZTEGCEDDFFC9,,
ZTEGCEDE028C,02-sep-25,ZTEGCEDE028C,,
ZTEGCEDE03C5,02-sep-25,ZTEGCEDE03C5,,
ZTEGCEDE04F5,02-sep-25,ZTEGCEDE04F5,,
ZTEGCEDE0617,02-sep-25,ZTEGCEDE0617,,
ZTEGCEDE0978,02-sep-25,ZTEGCEDE0978,,
ZTEGCEDE0BCD,02-sep-25,ZTEGCEDE0BCD,,
ZTEGCEDE0C73,02-sep-25,ZTEGCEDE0C73,,
ZTEGCEDE10A2,02-sep-25,ZTEGCEDE10A2,,
ZTEGCEDE1108,02-sep-25,ZTEGCEDE1108,,
ZTEGCEDE113B,02-sep-25,ZTEGCEDE113B,,
ZTEGCEDE11CB,02-sep-25,ZTEGCEDE11CB,,
ZTEGCE4DA02F,02-sep-25,ZTEGCE4DA02F,,
ZTEGCE4DA058,02-sep-25,ZTEGCE4DA058,,
ZTEGCE4DA20E,02-sep-25,ZTEGCE4DA20E,,
ZTEGCE4DA243,02-sep-25,ZTEGCE4DA243,,
ZTEGCE4DA2D6,02-sep-25,ZTEGCE4DA2D6,,
ZTEGCE4DA332,02-sep-25,ZTEGCE4DA332,,
ZTEGCE4DA390,02-sep-25,ZTEGCE4DA390,,
ZTEGCE4DA518,02-sep-25,ZTEGCE4DA518,,
ZTEGCE4DA5D1,02-sep-25,ZTEGCE4DA5D1,,
ZTEGCE4DA60F,02-sep-25,ZTEGCE4DA60F,,
ZTEGCE4DA62B,02-sep-25,ZTEGCE4DA62B,,
ZTEGCE4DA729,02-sep-25,ZTEGCE4DA729,,
ZTEGCE4DA7DE,02-sep-25,ZTEGCE4DA7DE,,
ZTEGCE4DA968,02-sep-25,ZTEGCE4DA968,,
ZTEGCE4DAA61,02-sep-25,ZTEGCE4DAA61,,
ZTEGCE5C795C,02-sep-25,ZTEGCE5C795C,,
ZTEGCE5C7975,02-sep-25,ZTEGCE5C7975,,
ZTEGCE5C7A12,02-sep-25,ZTEGCE5C7A12,,
ZTEGCE5C7ABC,02-sep-25,ZTEGCE5C7ABC,,
ZTEGCE5C7AF1,02-sep-25,ZTEGCE5C7AF1,,
ZTEGCE5C7BAC,02-sep-25,ZTEGCE5C7BAC,,
ZTEGCE5C7E84,02-sep-25,ZTEGCE5C7E84,,
ZTEGCE5C7EF2,02-sep-25,ZTEGCE5C7EF2,,
ZTEGCE5C80CD,02-sep-25,ZTEGCE5C80CD,,
ZTEGCE5C83C6,02-sep-25,ZTEGCE5C83C6,,
ZTEGCE5C8481,02-sep-25,ZTEGCE5C8481,,
ZTEGCE5C84AF,02-sep-25,ZTEGCE5C84AF,,
ZTEGCE5C8592,02-sep-25,ZTEGCE5C8592,,
ZTEGCE5C85F9,02-sep-25,ZTEGCE5C85F9,,
ZTEGCE5C8609,02-sep-25,ZTEGCE5C8609,,
ZTEGCEDD1A38,02-sep-25,ZTEGCEDD1A38,,
ZTEGCEDD1A74,02-sep-25,ZTEGCEDD1A74,,
ZTEGCEDD1AF7,02-sep-25,ZTEGCEDD1AF7,,
ZTEGCEDD1CD2,02-sep-25,ZTEGCEDD1CD2,,
ZTEGCEDD1D09,02-sep-25,ZTEGCEDD1D09,,
ZTEGCEDD1D26,02-sep-25,ZTEGCEDD1D26,,
ZTEGCEDD1E27,02-sep-25,ZTEGCEDD1E27,,
ZTEGCEDD1E74,02-sep-25,ZTEGCEDD1E74,,
ZTEGCEDD1F9E,02-sep-25,ZTEGCEDD1F9E,,
ZTEGCEDD1FFB,02-sep-25,ZTEGCEDD1FFB,,
ZTEGCEDD20CA,02-sep-25,ZTEGCEDD20CA,,
ZTEGCEDD20F6,02-sep-25,ZTEGCEDD20F6,,
ZTEGCEDD20FD,02-sep-25,ZTEGCEDD20FD,,
ZTEGCEDD2308,02-sep-25,ZTEGCEDD2308,,
ZTEGCEDD2596,02-sep-25,ZTEGCEDD2596,,
ZTEGCEDE11E7,02-sep-25,ZTEGCEDE11E7,,
ZTEGCEDE12CF,02-sep-25,ZTEGCEDE12CF,,
ZTEGCEDE1514,02-sep-25,ZTEGCEDE1514,,
ZTEGCEDE1610,02-sep-25,ZTEGCEDE1610,,
ZTEGCEDE162C,02-sep-25,ZTEGCEDE162C,,
ZTEGCEDE1666,02-sep-25,ZTEGCEDE1666,,
ZTEGCEDE168A,02-sep-25,ZTEGCEDE168A,,
ZTEGCEDE1BFA,02-sep-25,ZTEGCEDE1BFA,,
ZTEGCEDE1C4A,02-sep-25,ZTEGCEDE1C4A,,
ZTEGCEDE1F13,02-sep-25,ZTEGCEDE1F13,,
ZTEGCEDE2042,02-sep-25,ZTEGCEDE2042,,
ZTEGCEDE2213,02-sep-25,ZTEGCEDE2213,,
ZTEGCEDE2375,02-sep-25,ZTEGCEDE2375,,
ZTEGCEDE238B,02-sep-25,ZTEGCEDE238B,,
ZTEGCEDE238E,02-sep-25,ZTEGCEDE238E,,
ZTEGCE4DAAE6,02-sep-25,ZTEGCE4DAAE6,,
ZTEGCE4DAD3C,02-sep-25,ZTEGCE4DAD3C,,
ZTEGCE4DAF21,02-sep-25,ZTEGCE4DAF21,,
ZTEGCE4DAF41,02-sep-25,ZTEGCE4DAF41,,
ZTEGCE4DAF9D,02-sep-25,ZTEGCE4DAF9D,,
ZTEGCE4DB0E1,02-sep-25,ZTEGCE4DB0E1,,
ZTEGCE4DB23D,02-sep-25,ZTEGCE4DB23D,,
ZTEGCE4DB276,02-sep-25,ZTEGCE4DB276,,
ZTEGCE4DB2F7,02-sep-25,ZTEGCE4DB2F7,,
ZTEGCE4DB334,02-sep-25,ZTEGCE4DB334,,
ZTEGCE4DB368,02-sep-25,ZTEGCE4DB368,,
ZTEGCE4DB370,02-sep-25,ZTEGCE4DB370,,
ZTEGCE4DB3E0,02-sep-25,ZTEGCE4DB3E0,,
ZTEGCE4DB420,02-sep-25,ZTEGCE4DB420,,
ZTEGCE4DB457,02-sep-25,ZTEGCE4DB457,,
ZTEGCEA07C56,02-sep-25,ZTEGCEA07C56,,
ZTEGCEA08198,02-sep-25,ZTEGCEA08198,,
ZTEGCEA08202,02-sep-25,ZTEGCEA08202,,
ZTEGCEA08305,02-sep-25,ZTEGCEA08305,,
ZTEGCEA083CC,02-sep-25,ZTEGCEA083CC,,
ZTEGCEA083EC,02-sep-25,ZTEGCEA083EC,,
ZTEGCEA08494,02-sep-25,ZTEGCEA08494,,
ZTEGCEA0849F,02-sep-25,ZTEGCEA0849F,,
ZTEGCEA08514,02-sep-25,ZTEGCEA08514,,
ZTEGCEA08615,02-sep-25,ZTEGCEA08615,,
ZTEGCEA0865A,02-sep-25,ZTEGCEA0865A,,
ZTEGCEA086A1,02-sep-25,ZTEGCEA086A1,,
ZTEGCEA0872E,02-sep-25,ZTEGCEA0872E,,
ZTEGCEA08747,02-sep-25,ZTEGCEA08747,,
ZTEGCEA087F1,02-sep-25,ZTEGCEA087F1,,
ZTEGCEDDE655,02-sep-25,ZTEGCEDDE655,,
ZTEGCEDDE661,02-sep-25,ZTEGCEDDE661,,
ZTEGCEDDE7D5,02-sep-25,ZTEGCEDDE7D5,,
ZTEGCEDDE9AD,02-sep-25,ZTEGCEDDE9AD,,
ZTEGCEDDEA0C,02-sep-25,ZTEGCEDDEA0C,,
ZTEGCEDDEAB9,02-sep-25,ZTEGCEDDEAB9,,
ZTEGCEDDEF7D,02-sep-25,ZTEGCEDDEF7D,,
ZTEGCEDDF35B,02-sep-25,ZTEGCEDDF35B,,
ZTEGCEDDF642,02-sep-25,ZTEGCEDDF642,,
ZTEGCEDDFA32,02-sep-25,ZTEGCEDDFA32,,
ZTEGCEDDFBAA,02-sep-25,ZTEGCEDDFBAA,,
ZTEGCEDDFBCB,02-sep-25,ZTEGCEDDFBCB,,
ZTEGCEDDFC58,02-sep-25,ZTEGCEDDFC58,,
ZTEGCEDDFE57,02-sep-25,ZTEGCEDDFE57,,
ZTEGCEDDFEA0,02-sep-25,ZTEGCEDDFEA0,,
ZTEGCE4DB564,02-sep-25,ZTEGCE4DB564,,
ZTEGCE4DB5B3,02-sep-25,ZTEGCE4DB5B3,,
ZTEGCE4DB648,02-sep-25,ZTEGCE4DB648,,
ZTEGCE4DB6FD,02-sep-25,ZTEGCE4DB6FD,,
ZTEGCE4DB73C,02-sep-25,ZTEGCE4DB73C,,
ZTEGCE4DB76E,02-sep-25,ZTEGCE4DB76E,,
ZTEGCE4DB79E,02-sep-25,ZTEGCE4DB79E,,
ZTEGCE4DB7F2,02-sep-25,ZTEGCE4DB7F2,,
ZTEGCE4DB92B,02-sep-25,ZTEGCE4DB92B,,
ZTEGCE4DBA8E,02-sep-25,ZTEGCE4DBA8E,,
ZTEGCE4DBC92,02-sep-25,ZTEGCE4DBC92,,
ZTEGCE4DBCCB,02-sep-25,ZTEGCE4DBCCB,,
ZTEGCE4DBDB4,02-sep-25,ZTEGCE4DBDB4,,
ZTEGCE4DC223,02-sep-25,ZTEGCE4DC223,,
ZTEGCE4DC3D8,02-sep-25,ZTEGCE4DC3D8,,
ZTEGCEA05C9D,02-sep-25,ZTEGCEA05C9D,,
ZTEGCEA05E09,02-sep-25,ZTEGCEA05E09,,
ZTEGCEA05ED9,02-sep-25,ZTEGCEA05ED9,,
ZTEGCEA0611F,02-sep-25,ZTEGCEA0611F,,
ZTEGCEA062AD,02-sep-25,ZTEGCEA062AD,,
ZTEGCEA06331,02-sep-25,ZTEGCEA06331,,
ZTEGCEA06A00,02-sep-25,ZTEGCEA06A00,,
ZTEGCEA06A7B,02-sep-25,ZTEGCEA06A7B,,
ZTEGCEA06C77,02-sep-25,ZTEGCEA06C77,,
ZTEGCEA06F29,02-sep-25,ZTEGCEA06F29,,
ZTEGCEA06F65,02-sep-25,ZTEGCEA06F65,,
ZTEGCEA074B5,02-sep-25,ZTEGCEA074B5,,
ZTEGCEA07A9B,02-sep-25,ZTEGCEA07A9B,,
ZTEGCEA07A9E,02-sep-25,ZTEGCEA07A9E,,
ZTEGCEA07C10,02-sep-25,ZTEGCEA07C10,,
ZTEGCEDDB17B,02-sep-25,ZTEGCEDDB17B,,
ZTEGCEDDB44D,02-sep-25,ZTEGCEDDB44D,,
ZTEGCEDDB512,02-sep-25,ZTEGCEDDB512,,
ZTEGCEDDB540,02-sep-25,ZTEGCEDDB540,,
ZTEGCEDDC468,02-sep-25,ZTEGCEDDC468,,
ZTEGCEDDC845,02-sep-25,ZTEGCEDDC845,,
ZTEGCEDDCB4A,02-sep-25,ZTEGCEDDCB4A,,
ZTEGCEDDD26E,02-sep-25,ZTEGCEDDD26E,,
ZTEGCEDDDAEC,02-sep-25,ZTEGCEDDDAEC,,
ZTEGCEDDDB5E,02-sep-25,ZTEGCEDDDB5E,,
ZTEGCEDDDE90,02-sep-25,ZTEGCEDDDE90,,
ZTEGCEDDDF92,02-sep-25,ZTEGCEDDDF92,,
ZTEGCEDDE178,02-sep-25,ZTEGCEDDE178,,
ZTEGCEDDE4AD,02-sep-25,ZTEGCEDDE4AD,,
ZTEGCEDDE5E7,02-sep-25,ZTEGCEDDE5E7,,
ZTEGCE4DC4DA,02-sep-25,ZTEGCE4DC4DA,,
ZTEGCE4DC55B,02-sep-25,ZTEGCE4DC55B,,
ZTEGCE4DC95F,02-sep-25,ZTEGCE4DC95F,,
ZTEGCE4DC9A3,02-sep-25,ZTEGCE4DC9A3,,
ZTEGCE4DC9C3,02-sep-25,ZTEGCE4DC9C3,,
ZTEGCE4DD4E2,02-sep-25,ZTEGCE4DD4E2,,
ZTEGCE4DD5B1,02-sep-25,ZTEGCE4DD5B1,,
ZTEGCE4DD63F,02-sep-25,ZTEGCE4DD63F,,
ZTEGCE4DD670,02-sep-25,ZTEGCE4DD670,,
ZTEGCE4DD69F,02-sep-25,ZTEGCE4DD69F,,
ZTEGCE4DD6B6,02-sep-25,ZTEGCE4DD6B6,,
ZTEGCE4DD6C7,02-sep-25,ZTEGCE4DD6C7,,
ZTEGCE4DD703,02-sep-25,ZTEGCE4DD703,,
ZTEGCE4DD712,02-sep-25,ZTEGCE4DD712,,
ZTEGCE4DD838,02-sep-25,ZTEGCE4DD838,,
ZTEGCEA0216B,02-sep-25,ZTEGCEA0216B,,
ZTEGCEA0239D,02-sep-25,ZTEGCEA0239D,,
ZTEGCEA023D4,02-sep-25,ZTEGCEA023D4,,
ZTEGCEA028EB,02-sep-25,ZTEGCEA028EB,,
ZTEGCEA02AFF,02-sep-25,ZTEGCEA02AFF,,
ZTEGCEA02E2F,02-sep-25,ZTEGCEA02E2F,,
ZTEGCEA0303D,02-sep-25,ZTEGCEA0303D,,
ZTEGCEA03119,02-sep-25,ZTEGCEA03119,,
ZTEGCEA03175,02-sep-25,ZTEGCEA03175,,
ZTEGCEA031DE,02-sep-25,ZTEGCEA031DE,,
ZTEGCEA03270,02-sep-25,ZTEGCEA03270,,
ZTEGCEA03708,02-sep-25,ZTEGCEA03708,,
ZTEGCEA0384B,02-sep-25,ZTEGCEA0384B,,
ZTEGCEA038BE,02-sep-25,ZTEGCEA038BE,,
ZTEGCEA04150,02-sep-25,ZTEGCEA04150,,
ZTEGCEDDA005,02-sep-25,ZTEGCEDDA005,,
ZTEGCEDDA086,02-sep-25,ZTEGCEDDA086,,
ZTEGCEDDA174,02-sep-25,ZTEGCEDDA174,,
ZTEGCEDDA226,02-sep-25,ZTEGCEDDA226,,
ZTEGCEDDA30C,02-sep-25,ZTEGCEDDA30C,,
ZTEGCEDDA340,02-sep-25,ZTEGCEDDA340,,
ZTEGCEDDA348,02-sep-25,ZTEGCEDDA348,,
ZTEGCEDDA37D,02-sep-25,ZTEGCEDDA37D,,
ZTEGCEDDA4E2,02-sep-25,ZTEGCEDDA4E2,,
ZTEGCEDDA748,02-sep-25,ZTEGCEDDA748,,
ZTEGCEDDA85A,02-sep-25,ZTEGCEDDA85A,,
ZTEGCEDDA900,02-sep-25,ZTEGCEDDA900,,
ZTEGCEDDAB75,02-sep-25,ZTEGCEDDAB75,,
ZTEGCEDDAD5F,02-sep-25,ZTEGCEDDAD5F,,
ZTEGCEDDB09E,02-sep-25,ZTEGCEDDB09E,,
ZTEGCE4F4D1C,02-sep-25,ZTEGCE4F4D1C,,
ZTEGCE4F4EE9,02-sep-25,ZTEGCE4F4EE9,,
ZTEGCE4F5060,02-sep-25,ZTEGCE4F5060,,
ZTEGCE4F5087,02-sep-25,ZTEGCE4F5087,,
ZTEGCE4F52FE,02-sep-25,ZTEGCE4F52FE,,
ZTEGCE4F55A3,02-sep-25,ZTEGCE4F55A3,,
ZTEGCE4F5633,02-sep-25,ZTEGCE4F5633,,
ZTEGCE4F566D,02-sep-25,ZTEGCE4F566D,,
ZTEGCE4F571C,02-sep-25,ZTEGCE4F571C,,
ZTEGCE4F58DE,02-sep-25,ZTEGCE4F58DE,,
ZTEGCE4F5A08,02-sep-25,ZTEGCE4F5A08,,
ZTEGCE4F5AFB,02-sep-25,ZTEGCE4F5AFB,,
ZTEGCE4F5E35,02-sep-25,ZTEGCE4F5E35,,
ZTEGCE4F5EEE,02-sep-25,ZTEGCE4F5EEE,,
ZTEGCE4F5F4F,02-sep-25,ZTEGCE4F5F4F,,
ZTEGCEA04313,02-sep-25,ZTEGCEA04313,,
ZTEGCEA04725,02-sep-25,ZTEGCEA04725,,
ZTEGCEA0507B,02-sep-25,ZTEGCEA0507B,,
ZTEGCEA05369,02-sep-25,ZTEGCEA05369,,
ZTEGCEA0538F,02-sep-25,ZTEGCEA0538F,,
ZTEGCEA05730,02-sep-25,ZTEGCEA05730,,
ZTEGCEA05749,02-sep-25,ZTEGCEA05749,,
ZTEGCEA05808,02-sep-25,ZTEGCEA05808,,
ZTEGCEA05825,02-sep-25,ZTEGCEA05825,,
ZTEGCEA058ED,02-sep-25,ZTEGCEA058ED,,
ZTEGCEA0591C,02-sep-25,ZTEGCEA0591C,,
ZTEGCEA05921,02-sep-25,ZTEGCEA05921,,
ZTEGCEA0596A,02-sep-25,ZTEGCEA0596A,,
ZTEGCEA05987,02-sep-25,ZTEGCEA05987,,
ZTEGCEA05AD3,02-sep-25,ZTEGCEA05AD3,,
ZTEGCEDD96D8,02-sep-25,ZTEGCEDD96D8,,
ZTEGCEDD96F8,02-sep-25,ZTEGCEDD96F8,,
ZTEGCEDD97A3,02-sep-25,ZTEGCEDD97A3,,
ZTEGCEDD97CF,02-sep-25,ZTEGCEDD97CF,,
ZTEGCEDD9A98,02-sep-25,ZTEGCEDD9A98,,
ZTEGCEDD9BF6,02-sep-25,ZTEGCEDD9BF6,,
ZTEGCEDD9C4F,02-sep-25,ZTEGCEDD9C4F,,
ZTEGCEDD9D7F,02-sep-25,ZTEGCEDD9D7F,,
ZTEGCEDD9E1E,02-sep-25,ZTEGCEDD9E1E,,
ZTEGCEDD9E98,02-sep-25,ZTEGCEDD9E98,,
ZTEGCEDD9EE9,02-sep-25,ZTEGCEDD9EE9,,
ZTEGCEDD9EFC,02-sep-25,ZTEGCEDD9EFC,,
ZTEGCEDD9F96,02-sep-25,ZTEGCEDD9F96,,
ZTEGCEDD9FC0,02-sep-25,ZTEGCEDD9FC0,,
ZTEGCEDDA000,02-sep-25,ZTEGCEDDA000,,
ZTEGCE4F5FB8,02-sep-25,ZTEGCE4F5FB8,,
ZTEGCE4F60EA,02-sep-25,ZTEGCE4F60EA,,
ZTEGCE4F6186,02-sep-25,ZTEGCE4F6186,,
ZTEGCE4F63D1,02-sep-25,ZTEGCE4F63D1,,
ZTEGCE4F64AD,02-sep-25,ZTEGCE4F64AD,,
ZTEGCE4F6507,02-sep-25,ZTEGCE4F6507,,
ZTEGCE4F6624,02-sep-25,ZTEGCE4F6624,,
ZTEGCE4F68AA,02-sep-25,ZTEGCE4F68AA,,
ZTEGCE4F6A17,02-sep-25,ZTEGCE4F6A17,,
ZTEGCE4F6C42,02-sep-25,ZTEGCE4F6C42,,
ZTEGCE4F6C78,02-sep-25,ZTEGCE4F6C78,,
ZTEGCE4F6EE6,02-sep-25,ZTEGCE4F6EE6,,
ZTEGCE4F72D6,02-sep-25,ZTEGCE4F72D6,,
ZTEGCE4F7349,02-sep-25,ZTEGCE4F7349,,
ZTEGCE4F785E,02-sep-25,ZTEGCE4F785E,,
ZTEGCEDD25C0,02-sep-25,ZTEGCEDD25C0,,
ZTEGCEDD2755,02-sep-25,ZTEGCEDD2755,,
ZTEGCEDD2988,02-sep-25,ZTEGCEDD2988,,
ZTEGCEDD29D6,02-sep-25,ZTEGCEDD29D6,,
ZTEGCEDD2B13,02-sep-25,ZTEGCEDD2B13,,
ZTEGCEDD2B34,02-sep-25,ZTEGCEDD2B34,,
ZTEGCEDD2B82,02-sep-25,ZTEGCEDD2B82,,
ZTEGCEDD2CE0,02-sep-25,ZTEGCEDD2CE0,,
ZTEGCEDD2CE1,02-sep-25,ZTEGCEDD2CE1,,
ZTEGCEDD2D83,02-sep-25,ZTEGCEDD2D83,,
ZTEGCEDD2F29,02-sep-25,ZTEGCEDD2F29,,
ZTEGCEDD3105,02-sep-25,ZTEGCEDD3105,,
ZTEGCEDD31DF,02-sep-25,ZTEGCEDD31DF,,
ZTEGCEDD31FB,02-sep-25,ZTEGCEDD31FB,,
ZTEGCEDD3314,02-sep-25,ZTEGCEDD3314,,
ZTEGCEDE24FF,02-sep-25,ZTEGCEDE24FF,,
ZTEGCEDE2544,02-sep-25,ZTEGCEDE2544,,
ZTEGCEDE27AC,02-sep-25,ZTEGCEDE27AC,,
ZTEGCEDE2844,02-sep-25,ZTEGCEDE2844,,
ZTEGCEDE28A5,02-sep-25,ZTEGCEDE28A5,,
ZTEGCEDE290A,02-sep-25,ZTEGCEDE290A,,
ZTEGCEDE2A18,02-sep-25,ZTEGCEDE2A18,,
ZTEGCEDE2A51,02-sep-25,ZTEGCEDE2A51,,
ZTEGCEDE2CE1,02-sep-25,ZTEGCEDE2CE1,,
ZTEGCEDE30A2,02-sep-25,ZTEGCEDE30A2,,
ZTEGCEDE30C0,02-sep-25,ZTEGCEDE30C0,,
ZTEGCEDE311B,02-sep-25,ZTEGCEDE311B,,
ZTEGCEDE3120,02-sep-25,ZTEGCEDE3120,,
ZTEGCEDE3131,02-sep-25,ZTEGCEDE3131,,
ZTEGCEDE313B,02-sep-25,ZTEGCEDE313B,,
ZTEGCE5C42F0,02-sep-25,ZTEGCE5C42F0,,
ZTEGCE5C4411,02-sep-25,ZTEGCE5C4411,,
ZTEGCE5C477B,02-sep-25,ZTEGCE5C477B,,
ZTEGCE5C4806,02-sep-25,ZTEGCE5C4806,,
ZTEGCE5C49D4,02-sep-25,ZTEGCE5C49D4,,
ZTEGCE5C4AB5,02-sep-25,ZTEGCE5C4AB5,,
ZTEGCE5C4BB2,02-sep-25,ZTEGCE5C4BB2,,
ZTEGCE5C4BEF,02-sep-25,ZTEGCE5C4BEF,,
ZTEGCE5C4CE1,02-sep-25,ZTEGCE5C4CE1,,
ZTEGCE5C4D46,02-sep-25,ZTEGCE5C4D46,,
ZTEGCE5C4DC4,02-sep-25,ZTEGCE5C4DC4,,
ZTEGCE5C4E38,02-sep-25,ZTEGCE5C4E38,,
ZTEGCE5C4F01,02-sep-25,ZTEGCE5C4F01,,
ZTEGCE5C4F3E,02-sep-25,ZTEGCE5C4F3E,,
ZTEGCE5C4F45,02-sep-25,ZTEGCE5C4F45,,
ZTEGCE5C6019,02-sep-25,ZTEGCE5C6019,,
ZTEGCE5C60A6,02-sep-25,ZTEGCE5C60A6,,
ZTEGCE5C61D7,02-sep-25,ZTEGCE5C61D7,,
ZTEGCE5C655A,02-sep-25,ZTEGCE5C655A,,
ZTEGCE5C66C5,02-sep-25,ZTEGCE5C66C5,,
ZTEGCE5C68CD,02-sep-25,ZTEGCE5C68CD,,
ZTEGCE5C69C1,02-sep-25,ZTEGCE5C69C1,,
ZTEGCE5C6A94,02-sep-25,ZTEGCE5C6A94,,
ZTEGCE5C6BC6,02-sep-25,ZTEGCE5C6BC6,,
ZTEGCE5C6C11,02-sep-25,ZTEGCE5C6C11,,
ZTEGCE5C6C6E,02-sep-25,ZTEGCE5C6C6E,,
ZTEGCE5C6D4A,02-sep-25,ZTEGCE5C6D4A,,
ZTEGCE5C6F3E,02-sep-25,ZTEGCE5C6F3E,,
ZTEGCE5C6F57,02-sep-25,ZTEGCE5C6F57,,
ZTEGCE5C707E,02-sep-25,ZTEGCE5C707E,,
ZTEGCE5C71DA,02-sep-25,ZTEGCE5C71DA,,
ZTEGCE5C756E,02-sep-25,ZTEGCE5C756E,,
ZTEGCE5C757C,02-sep-25,ZTEGCE5C757C,,
ZTEGCE5C7596,02-sep-25,ZTEGCE5C7596,,
ZTEGCE5C75D0,02-sep-25,ZTEGCE5C75D0,,
ZTEGCE5C763C,02-sep-25,ZTEGCE5C763C,,
ZTEGCE5C764A,02-sep-25,ZTEGCE5C764A,,
ZTEGCE5C76DF,02-sep-25,ZTEGCE5C76DF,,
ZTEGCE5C7746,02-sep-25,ZTEGCE5C7746,,
ZTEGCE5C7751,02-sep-25,ZTEGCE5C7751,,
ZTEGCE5C77B5,02-sep-25,ZTEGCE5C77B5,,
ZTEGCE5C78AD,02-sep-25,ZTEGCE5C78AD,,
ZTEGCE5C78DB,02-sep-25,ZTEGCE5C78DB,,
ZTEGCE5C78E3,02-sep-25,ZTEGCE5C78E3,,
ZTEGCE5C7922,02-sep-25,ZTEGCE5C7922,,
ZTEGCEDE3E9C,02-sep-25,ZTEGCEDE3E9C,,
ZTEGCEDE3F10,02-sep-25,ZTEGCEDE3F10,,
ZTEGCEDE3F4A,02-sep-25,ZTEGCEDE3F4A,,
ZTEGCEDE3F5B,02-sep-25,ZTEGCEDE3F5B,,
ZTEGCEDE3F5C,02-sep-25,ZTEGCEDE3F5C,,
ZTEGCEDE3FF5,02-sep-25,ZTEGCEDE3FF5,,
ZTEGCEDE4087,02-sep-25,ZTEGCEDE4087,,
ZTEGCEDE419E,02-sep-25,ZTEGCEDE419E,,
ZTEGCEDE4552,02-sep-25,ZTEGCEDE4552,,
ZTEGCEDE45EF,02-sep-25,ZTEGCEDE45EF,,
ZTEGCEDE4602,02-sep-25,ZTEGCEDE4602,,
ZTEGCEDE4720,02-sep-25,ZTEGCEDE4720,,
ZTEGCEDE48EF,02-sep-25,ZTEGCEDE48EF,,
ZTEGCEDE49AD,02-sep-25,ZTEGCEDE49AD,,
ZTEGCEDE4C31,02-sep-25,ZTEGCEDE4C31,,
ZTEGCEDE4E62,02-sep-25,ZTEGCEDE4E62,,
ZTEGCEDE5469,02-sep-25,ZTEGCEDE5469,,
,,,,
,,,,
,,,,
,,,,
,,,,
,,,,
,,,,
,,,,
,,,,
,,,,
,,,,
,,,,
,,,,
,,,,
,,,,
,,,,
,,,,
,,,,
,,,,
,,,,
,,,,
,,,,
,,,,
,,,,
,,,,
,,,,
,,,,
,,,,
,,,,
,,,,
,,,,
,,,,
,,,,
,,,,
,,,,
,,,,
,,,,
,,,,
,,,,
,,,,
,,,,
,,,,
,,,,
,,,,
,,,,
,,,,
,,,,
,,,,
,,,,
,,,,
,,,,
,,,,
,,,,
,,,,
,,,,
,,,,
,,,,
,,,,
,,,,
,,,,
,,,,
,,,,
,,,,
,,,,
,,,,
,,,,
,,,,
,,,,
,,,,
,,,,
,,,,
,,,,
,,,,
,,,,
,,,,
,,,,
,,,,
,,,,
,,,,
,,,,
,,,,
,,,,
,,,,
,,,,
,,,,
,,,,
,,,,
,,,,
,,,,
,,,,
,,,,
,,,,
,,,,
,,,,
,,,,
,,,,
,,,,
,,,,
,,,,
,,,,
,,,,
,,,,
,,,,
,,,,
,,,,
,,,,
,,,,
,,,,
,,,,
,,,,
,,,,
,,,,
,,,,
,,,,
,,,,
,,,,
,,,,
,,,,
,,,,
,,,,
,,,,
,,,,
,,,,
,,,,
,,,,
,,,,
,,,,
,,,,
,,,,
,,,,
,,,,
,,,,
,,,,
,,,,
,,,,
,,,,
,,,,
,,,,
,,,,
,,,,
,,,,
,,,,
,,,,
,,,,
,,,,
,,,,
,,,,
,,,,
,,,,
,,,,
,,,,
,,,,
,,,,
,,,,
,,,,
,,,,
,,,,
,,,,
,,,,
,,,,
,,,,
,,,,
,,,,
,,,,
,,,,
,,,,
,,,,
,,,,
,,,,
,,,,
,,,,
,,,,
,,,,
,,,,
,,,,
,,,,
,,,,
,,,,
,,,,
,,,,
,,,,
,,,,
,,,,
,,,,
,,,,
,,,,
,,,,
,,,,
,,,,
,,,,
,,,,
,,,,
,,,,
,,,,
,,,,
,,,,
,,,,
,,,,
,,,,
,,,,
,,,,
,,,,
,,,,
,,,,
,,,,
,,,,
,,,,
,,,,
,,,,
,,,,
,,,,
,,,,
,,,,
,,,,
,,,,
,,,,
,,,,
,,,,
,,,,
,,,,
,,,,
,,,,
,,,,
,,,,
,,,,
,,,,
,,,,
,,,,
,,,,
,,,,
,,,,
,,,,
,,,,
,,,,
,,,,
,,,,
,,,,
,,,,
,,,,
,,,,
,,,,
,,,,
,,,,
,,,,
,,,,
,,,,
,,,,
,,,,
,,,,
,,,,
,,,,
,,,,
,,,,
,,,,
,,,,
,,,,
,,,,
,,,,
,,,,
,,,,
,,,,
,,,,
,,,,
,,,,
,,,,
,,,,
,,,,
,,,,
,,,,
,,,,
,,,,
,,,,
,,,,
,,,,
,,,,
,,,,
,,,,
,,,,
,,,,
,,,,
,,,,
,,,,
,,,,
,,,,
,,,,
,,,,
,,,,
,,,,
,,,,
,,,,
,,,,
,,,,
,,,,
,,,,
,,,,
,,,,
,,,,
,,,,
,,,,
,,,,
,,,,
,,,,
,,,,
,,,,
,,,,
,,,,
,,,,
,,,,
,,,,
,,,,
,,,,
,,,,
,,,,
,,,,
,,,,
,,,,
,,,,
,,,,
,,,,
,,,,
,,,,
,,,,
,,,,
,,,,
,,,,
,,,,
,,,,
,,,,
,,,,
,,,,
,,,,
,,,,
,,,,
,,,,
,,,,
,,,,
,,,,
,,,,
,,,,
,,,,
,,,,
,,,,
,,,,
,,,,
,,,,
,,,,
,,,,
,,,,
,,,,
,,,,
,,,,
,,,,
,,,,
,,,,
,,,,
,,,,
,,,,
,,,,
,,,,
,,,,
,,,,
,,,,
,,,,
,,,,
,,,,
,,,,
,,,,
,,,,
,,,,
,,,,
,,,,
,,,,
,,,,
,,,,
,,,,
,,,,
,,,,
,,,,
,,,,
,,,,
,,,,
,,,,
,,,,
,,,,
,,,,
,,,,
,,,,
,,,,
,,,,
,,,,
,,,,
,,,,
,,,,
,,,,
,,,,
,,,,
,,,,
,,,,
,,,,
,,,,
,,,,
,,,,
,,,,
,,,,
,,,,
,,,,
,,,,
,,,,
,,,,
,,,,
,,,,
,,,,
,,,,
,,,,
,,,,
,,,,
,,,,
,,,,
,,,,
,,,,
,,,,
,,,,
,,,,
,,,,
,,,,
,,,,
,,,,
,,,,
,,,,
,,,,
,,,,
,,,,
,,,,
,,,,
,,,,
,,,,
,,,,
,,,,
,,,,
,,,,
,,,,
,,,,
,,,,
,,,,
,,,,
,,,,
,,,,
,,,,
,,,,
,,,,
,,,,
,,,,
,,,,
,,,,
,,,,
,,,,
,,,,
,,,,
,,,,
,,,,
,,,,
,,,,
,,,,
,,,,
,,,,
,,,,
,,,,
,,,,
,,,,
,,,,
,,,,
,,,,
,,,,
,,,,
,,,,
,,,,
,,,,
,,,,
,,,,
,,,,
,,,,
,,,,
,,,,
,,,,
,,,,
,,,,
,,,,
,,,,
,,,,
,,,,
,,,,
,,,,
,,,,
,,,,
,,,,
,,,,
,,,,
,,,,
,,,,
,,,,
,,,,
,,,,
,,,,
,,,,
,,,,
,,,,
,,,,
,,,,
,,,,
,,,,
,,,,
,,,,
,,,,
,,,,
,,,,
,,,,
,,,,
,,,,
,,,,
,,,,
,,,,
,,,,
,,,,
,,,,
,,,,
,,,,
,,,,
,,,,
,,,,
,,,,
,,,,
,,,,
,,,,
,,,,
,,,,
,,,,
,,,,
,,,,
,,,,
,,,,
,,,,
,,,,
,,,,
,,,,
,,,,
,,,,
,,,,
,,,,
,,,,
,,,,
,,,,
,,,,
,,,,
,,,,
,,,,
,,,,
,,,,
,,,,
,,,,
,,,,
,,,,
,,,,
,,,,
,,,,
,,,,
,,,,
,,,,
,,,,
,,,,
,,,,
,,,,
,,,,
,,,,
,,,,
,,,,
,,,,
,,,,
,,,,
,,,,
,,,,
,,,,
,,,,
,,,,
,,,,
,,,,
,,,,
,,,,
,,,,
,,,,
,,,,
,,,,
,,,,
,,,,
,,,,
,,,,
,,,,
,,,,
,,,,
,,,,
,,,,
,,,,
,,,,
,,,,
,,,,
,,,,
,,,,
,,,,
,,,,
,,,,
,,,,
,,,,
,,,,
,,,,
,,,,
,,,,
,,,,
,,,,
,,,,
,,,,
,,,,
,,,,
,,,,
,,,,
,,,,
,,,,
,,,,
,,,,
,,,,
,,,,
,,,,
,,,,
,,,,
,,,,
,,,,
,,,,
,,,,
,,,,
,,,,
,,,,
,,,,
,,,,
,,,,
,,,,
,,,,
,,,,
,,,,
,,,,
,,,,
,,,,
,,,,
,,,,
,,,,
,,,,
,,,,
,,,,
,,,,
,,,,
,,,,
,,,,
,,,,
,,,,
,,,,
,,,,
,,,,
,,,,
,,,,
,,,,
,,,,
,,,,
,,,,
,,,,
,,,,
,,,,
,,,,
,,,,
,,,,
,,,,
,,,,
,,,,
,,,,
,,,,
,,,,
,,,,
,,,,
,,,,
,,,,
,,,,
,,,,
,,,,
,,,,
,,,,
,,,,
,,,,
,,,,
,,,,
,,,,
,,,,
,,,,
,,,,
,,,,
,,,,
,,,,
,,,,
,,,,
,,,,
,,,,
,,,,
,,,,
,,,,
,,,,
,,,,
,,,,
,,,,
,,,,
,,,,
,,,,
,,,,
,,,,
,,,,
,,,,
,,,,
,,,,
,,,,
,,,,
,,,,
,,,,
,,,,
,,,,
,,,,
,,,,
,,,,
,,,,
,,,,
,,,,
,,,,
,,,,
,,,,
,,,,
,,,,
,,,,
,,,,
,,,,
,,,,
,,,,
,,,,
,,,,
,,,,
,,,,
,,,,
,,,,
,,,,
,,,,
,,,,
,,,,
,,,,
,,,,
,,,,
,,,,
,,,,
,,,,
,,,,
,,,,
,,,,
,,,,
,,,,
,,,,
,,,,
,,,,
,,,,
,,,,
,,,,
,,,,
,,,,
,,,,
,,,,
,,,,
,,,,
,,,,
,,,,
,,,,
,,,,
,,,,
,,,,
,,,,
,,,,
,,,,
,,,,
,,,,
,,,,
,,,,
,,,,
,,,,
,,,,
,,,,
,,,,
,,,,
,,,,
,,,,
,,,,
,,,,
,,,,
,,,,
,,,,
,,,,
,,,,
,,,,
,,,,
,,,,
,,,,
,,,,
,,,,
,,,,
,,,,
,,,,
,,,,
,,,,
,,,,
,,,,
,,,,
,,,,
,,,,
,,,,
,,,,
,,,,
,,,,
,,,,
,,,,
,,,,
,,,,
,,,,
,,,,
,,,,
,,,,
,,,,
,,,,
,,,,
,,,,
,,,,
,,,,
,,,,
,,,,
,,,,
,,,,
,,,,
,,,,
,,,,
,,,,
,,,,
,,,,
,,,,
,,,,
,,,,
,,,,
,,,,
,,,,
,,,,
,,,,
,,,,
,,,,
,,,,
,,,,
,,,,
,,,,
,,,,
,,,,
,,,,
,,,,
,,,,
,,,,
,,,,
,,,,
,,,,
,,,,
,,,,
,,,,
,,,,
,,,,
,,,,
,,,,
,,,,
,,,,
,,,,
,,,,
,,,,
,,,,
,,,,
,,,,
,,,,
,,,,
,,,,
,,,,
,,,,
,,,,
,,,,
,,,,
,,,,
,,,,
,,,,
,,,,
,,,,
,,,,
,,,,
,,,,
,,,,
,,,,
,,,,
,,,,
,,,,
,,,,
,,,,
,,,,
,,,,
,,,,
,,,,
,,,,
,,,,
,,,,
,,,,
,,,,
,,,,
,,,,
,,,,
,,,,
,,,,
,,,,
,,,,
,,,,
,,,,
,,,,
,,,,
,,,,
,,,,
,,,,
,,,,
,,,,
,,,,
,,,,
,,,,
,,,,
,,,,
,,,,
,,,,
,,,,
,,,,
,,,,
,,,,
,,,,
,,,,
,,,,
,,,,
,,,,
,,,,
,,,,
,,,,
,,,,
,,,,
,,,,
,,,,
,,,,
,,,,
,,,,
,,,,
,,,,
,,,,
,,,,
,,,,
,,,,
,,,,
,,,,
,,,,
,,,,
,,,,
,,,,
,,,,
,,,,
,,,,
,,,,
,,,,
,,,,
,,,,
,,,,
,,,,
,,,,
,,,,
,,,,
,,,,
,,,,
,,,,
,,,,
,,,,
,,,,
,,,,
,,,,
,,,,
,,,,
,,,,
,,,,
,,,,
,,,,
,,,,
,,,,
,,,,
,,,,
,,,,
,,,,
,,,,
,,,,
,,,,
,,,,
,,,,
,,,,
,,,,
,,,,
,,,,
,,,,
,,,,
,,,,
,,,,
,,,,
,,,,
,,,,
,,,,
,,,,
,,,,
,,,,
,,,,
,,,,
,,,,
,,,,
,,,,
,,,,
,,,,
,,,,
,,,,
,,,,
,,,,
,,,,
,,,,
,,,,
,,,,
,,,,
,,,,
,,,,
,,,,
,,,,
,,,,
,,,,
,,,,
,,,,
,,,,
,,,,
,,,,
,,,,
,,,,
,,,,
,,,,
,,,,
,,,,
,,,,
,,,,
,,,,
,,,,
,,,,
,,,,
,,,,
,,,,
,,,,
,,,,
,,,,
,,,,
,,,,
,,,,
,,,,
,,,,
,,,,
,,,,
,,,,
,,,,
,,,,
,,,,
,,,,
,,,,
,,,,
,,,,
,,,,
,,,,
,,,,
,,,,
,,,,
,,,,
,,,,
,,,,
,,,,
,,,,
,,,,
,,,,
,,,,
,,,,
,,,,
,,,,
,,,,
,,,,
,,,,
,,,,
,,,,
,,,,
,,,,
,,,,
,,,,
,,,,
,,,,
,,,,
,,,,
,,,,
,,,,
,,,,
,,,,
,,,,
,,,,
,,,,
,,,,
,,,,
,,,,
,,,,
,,,,
,,,,
,,,,
,,,,
,,,,
,,,,
,,,,
,,,,
,,,,
,,,,
,,,,
,,,,
,,,,
,,,,
,,,,
,,,,
,,,,
,,,,
,,,,
,,,,
,,,,
,,,,
,,,,
,,,,
,,,,
,,,,
,,,,
,,,,
,,,,
,,,,
,,,,
,,,,
,,,,
,,,,
,,,,
,,,,
,,,,
,,,,
,,,,
,,,,
,,,,
,,,,
,,,,
,,,,
,,,,
,,,,
,,,,
,,,,
,,,,
,,,,
,,,,
,,,,
,,,,
,,,,
,,,,
,,,,
,,,,
,,,,
,,,,
,,,,
,,,,
,,,,
,,,,
,,,,
,,,,
,,,,
,,,,
,,,,
,,,,
,,,,
,,,,
,,,,
,,,,
,,,,
,,,,
,,,,
,,,,
,,,,
,,,,
,,,,
,,,,
,,,,
,,,,
,,,,
,,,,
,,,,
,,,,
,,,,
,,,,
,,,,
,,,,
,,,,
,,,,
,,,,
,,,,
,,,,
,,,,
,,,,
,,,,
,,,,
,,,,
,,,,
,,,,
,,,,
,,,,
,,,,
,,,,
,,,,
,,,,
,,,,
,,,,
,,,,
,,,,
,,,,
,,,,
,,,,
,,,,
,,,,
,,,,
,,,,
,,,,
,,,,
,,,,
,,,,
,,,,
,,,,
,,,,
,,,,
,,,,
,,,,
,,,,
,,,,
,,,,
,,,,
,,,,
,,,,
,,,,
,,,,
,,,,
,,,,
,,,,
,,,,
,,,,
,,,,
,,,,
,,,,
,,,,
,,,,
,,,,
,,,,
,,,,
,,,,
,,,,
,,,,
,,,,
,,,,
,,,,
,,,,
,,,,
,,,,
,,,,
,,,,
,,,,
,,,,
,,,,
,,,,
,,,,
,,,,
,,,,
,,,,
,,,,
,,,,
,,,,
,,,,
,,,,
,,,,
,,,,
,,,,
,,,,
,,,,
,,,,
,,,,
,,,,
,,,,
,,,,
,,,,
,,,,
,,,,
,,,,
,,,,
,,,,
,,,,
,,,,
,,,,
,,,,
,,,,
,,,,
,,,,
,,,,
,,,,
,,,,
,,,,
,,,,
,,,,
,,,,
,,,,
,,,,
,,,,
,,,,
,,,,
,,,,
,,,,
,,,,
,,,,
,,,,
,,,,
,,,,
,,,,
,,,,
,,,,
,,,,
,,,,
,,,,
,,,,
,,,,
,,,,
,,,,
,,,,
,,,,
,,,,
,,,,
,,,,
,,,,
,,,,
,,,,
,,,,
,,,,
,,,,
,,,,
,,,,
,,,,
,,,,
,,,,
,,,,
,,,,
,,,,
,,,,
,,,,
,,,,
,,,,
,,,,
,,,,
,,,,
,,,,
,,,,
,,,,
,,,,
,,,,
,,,,
,,,,
,,,,
,,,,
,,,,
,,,,
,,,,
,,,,
,,,,
,,,,
,,,,
,,,,
,,,,
,,,,
,,,,
,,,,
,,,,
,,,,
,,,,
,,,,
,,,,
,,,,
,,,,
,,,,
,,,,
,,,,
,,,,
,,,,
,,,,
,,,,
,,,,
,,,,
,,,,
,,,,
,,,,
,,,,
,,,,
,,,,
,,,,
,,,,
,,,,
,,,,
,,,,
,,,,
,,,,
,,,,
,,,,
,,,,
,,,,
,,,,
,,,,
,,,,
,,,,
,,,,
,,,,
,,,,
,,,,
,,,,
,,,,
,,,,
,,,,
,,,,
,,,,
,,,,
,,,,
,,,,
,,,,
,,,,
,,,,
,,,,
,,,,
,,,,
,,,,
,,,,
,,,,
,,,,
,,,,
,,,,
,,,,
,,,,
,,,,
,,,,
,,,,
,,,,
,,,,
,,,,
,,,,
,,,,
,,,,
,,,,
,,,,
,,,,
,,,,
,,,,
,,,,
,,,,
,,,,
,,,,
,,,,
,,,,
,,,,
,,,,
,,,,
,,,,
,,,,
,,,,
,,,,
,,,,
,,,,
,,,,
,,,,
,,,,
,,,,
,,,,
,,,,
,,,,
,,,,
,,,,
,,,,
,,,,
,,,,
,,,,
,,,,
,,,,
,,,,
,,,,
,,,,
,,,,
,,,,
,,,,
,,,,
,,,,
,,,,
,,,,
,,,,
,,,,
,,,,
,,,,
,,,,
,,,,
,,,,
,,,,
,,,,
,,,,
,,,,
,,,,
,,,,
,,,,
,,,,
,,,,
,,,,
,,,,
,,,,
,,,,
,,,,
,,,,
,,,,
,,,,
,,,,
,,,,
,,,,
,,,,
,,,,
,,,,
,,,,
,,,,
,,,,
,,,,
,,,,
,,,,
,,,,
,,,,
,,,,
,,,,
,,,,
,,,,
,,,,
,,,,
,,,,
,,,,
,,,,
,,,,
,,,,
,,,,
,,,,
,,,,
,,,,
,,,,
,,,,
,,,,
,,,,
,,,,
,,,,
,,,,
,,,,
,,,,
,,,,
,,,,
,,,,
,,,,
,,,,
,,,,
,,,,
,,,,
,,,,
,,,,
,,,,
,,,,
,,,,
,,,,
,,,,
,,,,
,,,,
,,,,
,,,,
,,,,
,,,,
,,,,
,,,,
,,,,
,,,,
,,,,
,,,,
,,,,
,,,,
,,,,
,,,,
,,,,
,,,,
,,,,
,,,,
,,,,
,,,,
,,,,
,,,,
,,,,
,,,,
,,,,
,,,,
,,,,
,,,,
,,,,
,,,,
,,,,
,,,,
,,,,
,,,,
,,,,
,,,,
,,,,
,,,,
,,,,
,,,,
,,,,
,,,,
,,,,
,,,,
,,,,
,,,,
,,,,
,,,,
,,,,
,,,,
,,,,
,,,,
,,,,
,,,,
,,,,
,,,,
,,,,
,,,,
,,,,
,,,,
,,,,
,,,,
,,,,
,,,,
,,,,
,,,,
,,,,
,,,,
,,,,
,,,,
,,,,
,,,,
,,,,
,,,,
,,,,
,,,,
,,,,
,,,,
,,,,
,,,,
,,,,
,,,,
,,,,
,,,,
,,,,
,,,,
,,,,
,,,,
,,,,
,,,,
,,,,
,,,,
,,,,
,,,,
,,,,
,,,,
,,,,
,,,,
,,,,
,,,,
,,,,
,,,,
,,,,
,,,,
,,,,
,,,,
,,,,
,,,,
,,,,
,,,,
,,,,
,,,,
,,,,
,,,,
,,,,
,,,,
,,,,
,,,,
,,,,
,,,,
,,,,
,,,,
,,,,
,,,,
,,,,
,,,,
,,,,
,,,,
,,,,
,,,,
,,,,
,,,,
,,,,
,,,,
,,,,
,,,,
,,,,
,,,,
,,,,
,,,,
,,,,
,,,,
,,,,
,,,,
,,,,
,,,,
,,,,
,,,,
,,,,
,,,,
,,,,
,,,,
,,,,
,,,,
,,,,
,,,,
,,,,
,,,,
,,,,
,,,,
,,,,
,,,,
,,,,
,,,,
,,,,
,,,,
,,,,
,,,,
,,,,
,,,,
,,,,
,,,,
,,,,
,,,,
,,,,
,,,,
,,,,
,,,,
,,,,
,,,,
,,,,
,,,,
,,,,
,,,,
,,,,
,,,,
,,,,
,,,,
,,,,
,,,,
,,,,
,,,,
,,,,
,,,,
,,,,
,,,,
,,,,
,,,,
,,,,
,,,,
,,,,
,,,,
,,,,
,,,,
,,,,
,,,,
,,,,
,,,,
,,,,
,,,,
,,,,
,,,,
,,,,
,,,,
,,,,
,,,,
,,,,
,,,,
,,,,
,,,,
,,,,
,,,,
,,,,
,,,,
,,,,
,,,,
,,,,
,,,,
,,,,
,,,,
,,,,
,,,,
,,,,
,,,,
,,,,
,,,,
,,,,
,,,,
,,,,
,,,,
,,,,
,,,,
,,,,
,,,,
,,,,
,,,,
,,,,
,,,,
,,,,
,,,,
,,,,
,,,,
,,,,
,,,,
,,,,
,,,,
,,,,
,,,,
,,,,
,,,,
,,,,
,,,,
,,,,
,,,,
,,,,
,,,,
,,,,
,,,,
,,,,
,,,,
,,,,
,,,,
,,,,
,,,,
,,,,
,,,,
,,,,
,,,,
,,,,
,,,,
,,,,
,,,,
,,,,
,,,,
,,,,
,,,,
,,,,
,,,,
,,,,
,,,,
,,,,
,,,,
,,,,
,,,,
,,,,
,,,,
,,,,
,,,,
,,,,
,,,,
,,,,
,,,,
,,,,
,,,,
,,,,
,,,,
,,,,
,,,,
,,,,
,,,,
,,,,
,,,,
,,,,
,,,,
,,,,
,,,,
,,,,
,,,,
,,,,
,,,,
,,,,
,,,,
,,,,
,,,,
,,,,
,,,,
,,,,
,,,,
,,,,
,,,,
,,,,
,,,,
,,,,
,,,,
,,,,
,,,,
,,,,
,,,,
,,,,
,,,,
,,,,
,,,,
,,,,
,,,,
,,,,
,,,,
,,,,
,,,,
,,,,
,,,,
,,,,
,,,,
,,,,
,,,,
,,,,
,,,,
,,,,
,,,,
,,,,
,,,,
,,,,
,,,,
,,,,
,,,,
,,,,
,,,,
,,,,
,,,,
,,,,
,,,,
,,,,
,,,,
,,,,
,,,,
,,,,
,,,,
,,,,
,,,,
,,,,
,,,,
,,,,
,,,,
,,,,
,,,,
,,,,
,,,,
,,,,
,,,,
,,,,
,,,,
,,,,
,,,,
,,,,
,,,,
,,,,
,,,,
,,,,
,,,,
,,,,
,,,,
,,,,
,,,,
,,,,
,,,,
,,,,
,,,,
,,,,
,,,,
,,,,
,,,,
,,,,
,,,,
,,,,
,,,,
,,,,
,,,,
,,,,
,,,,
,,,,
,,,,
,,,,
,,,,
,,,,
,,,,
,,,,
,,,,
,,,,
,,,,
,,,,
,,,,
,,,,
,,,,
,,,,
,,,,
,,,,
,,,,
,,,,
,,,,
,,,,
,,,,
,,,,
,,,,
,,,,
,,,,
,,,,
,,,,
,,,,
,,,,
,,,,
,,,,
,,,,
,,,,
,,,,
,,,,
,,,,
,,,,
,,,,
,,,,
,,,,
,,,,
,,,,
,,,,
,,,,
,,,,
,,,,
,,,,
,,,,
,,,,
,,,,
,,,,
,,,,
,,,,
,,,,
,,,,
,,,,
,,,,
,,,,
,,,,
,,,,
,,,,
,,,,
,,,,
,,,,
,,,,
,,,,
,,,,
,,,,
,,,,
,,,,
,,,,
,,,,
,,,,
,,,,
,,,,
,,,,
,,,,
,,,,
,,,,
,,,,
,,,,
,,,,
,,,,
,,,,
,,,,
,,,,
,,,,
,,,,
,,,,
,,,,
,,,,
,,,,
,,,,
,,,,
,,,,
,,,,
,,,,
,,,,
,,,,
,,,,
,,,,
,,,,
,,,,
,,,,
,,,,
,,,,
,,,,
,,,,
,,,,
,,,,
,,,,
,,,,
,,,,
,,,,
,,,,
,,,,
,,,,
,,,,
,,,,
,,,,
,,,,
,,,,
,,,,
,,,,
,,,,
,,,,
,,,,
,,,,
,,,,
,,,,
,,,,
,,,,
,,,,
,,,,
,,,,
,,,,
,,,,
,,,,
,,,,
,,,,
,,,,
,,,,
,,,,
,,,,
,,,,
,,,,
,,,,
,,,,
,,,,
,,,,
,,,,
,,,,
,,,,
,,,,
,,,,
,,,,
,,,,
,,,,
,,,,
,,,,
,,,,
,,,,
,,,,
,,,,
,,,,
,,,,
,,,,
,,,,
,,,,
,,,,
,,,,
,,,,
,,,,
,,,,
,,,,
,,,,
,,,,
,,,,
,,,,
,,,,
,,,,
,,,,
,,,,
,,,,
,,,,
,,,,
,,,,
,,,,
,,,,
,,,,
,,,,
,,,,
,,,,
,,,,
,,,,
,,,,
,,,,
,,,,
,,,,
,,,,
,,,,
,,,,
,,,,
,,,,
,,,,
,,,,
,,,,
,,,,
,,,,
,,,,
,,,,
,,,,
,,,,
,,,,
,,,,
,,,,
,,,,
,,,,
,,,,
,,,,
,,,,
,,,,
,,,,
,,,,
,,,,
,,,,
,,,,
,,,,
,,,,
,,,,
,,,,
,,,,
,,,,
,,,,
,,,,
,,,,
,,,,
,,,,
,,,,
,,,,
,,,,
,,,,
,,,,
,,,,
,,,,
,,,,
,,,,
,,,,
,,,,
,,,,
,,,,
,,,,
,,,,
,,,,
,,,,
,,,,
,,,,
,,,,
,,,,
,,,,
,,,,
,,,,
,,,,
,,,,
,,,,
,,,,
,,,,
,,,,
,,,,
,,,,
,,,,
,,,,
,,,,
,,,,
,,,,
,,,,
,,,,
,,,,
,,,,
,,,,
,,,,
,,,,
,,,,
,,,,
,,,,
,,,,
,,,,
,,,,
,,,,
,,,,
,,,,
,,,,
,,,,
,,,,
,,,,
,,,,
,,,,
,,,,
,,,,
,,,,
,,,,
,,,,
,,,,
,,,,
,,,,
,,,,
,,,,
,,,,
,,,,
,,,,
,,,,
,,,,
,,,,
,,,,
,,,,
,,,,
,,,,
,,,,
,,,,
,,,,
,,,,
,,,,
,,,,
,,,,
,,,,
,,,,
,,,,
,,,,
,,,,
,,,,
,,,,
,,,,
,,,,
,,,,
,,,,
,,,,
,,,,
,,,,
,,,,
,,,,
,,,,
,,,,
,,,,
,,,,
,,,,
,,,,
,,,,
,,,,
,,,,
,,,,
,,,,
,,,,
,,,,
,,,,
,,,,
,,,,
,,,,
,,,,
,,,,
,,,,
,,,,
,,,,
,,,,
,,,,
,,,,
,,,,
,,,,
,,,,
,,,,
,,,,
,,,,
,,,,
,,,,
,,,,
,,,,
,,,,
,,,,
,,,,
,,,,
,,,,
,,,,
,,,,
,,,,
,,,,
,,,,
,,,,
,,,,
,,,,
,,,,
,,,,
,,,,
,,,,
,,,,
,,,,
,,,,
,,,,
,,,,
,,,,
,,,,
,,,,
,,,,
,,,,
,,,,
,,,,
,,,,
,,,,
,,,,
,,,,
,,,,
,,,,
,,,,
,,,,
,,,,
,,,,
,,,,
,,,,
,,,,
,,,,
,,,,
,,,,
,,,,
,,,,
,,,,
,,,,
,,,,
,,,,
,,,,
,,,,
,,,,
,,,,
,,,,
,,,,
,,,,
,,,,
,,,,
,,,,
,,,,
,,,,
,,,,
,,,,
,,,,
,,,,
,,,,
,,,,
,,,,
,,,,
,,,,
,,,,
,,,,
,,,,
,,,,
,,,,
,,,,
,,,,
,,,,
,,,,
,,,,
,,,,
,,,,
,,,,
,,,,
,,,,
,,,,
,,,,
,,,,
,,,,
,,,,
,,,,
,,,,
,,,,
,,,,
,,,,
,,,,
,,,,
,,,,
,,,,
,,,,
,,,,
,,,,
,,,,
,,,,
,,,,
,,,,
,,,,
,,,,
,,,,
,,,,
,,,,
,,,,
,,,,
,,,,
,,,,
,,,,
,,,,
,,,,
,,,,
,,,,
,,,,
,,,,
,,,,
,,,,
,,,,
,,,,
,,,,
,,,,
,,,,
,,,,
,,,,
,,,,
,,,,
,,,,
,,,,
,,,,
,,,,
,,,,
,,,,
,,,,
,,,,
,,,,
,,,,
,,,,
,,,,
,,,,
,,,,
,,,,
,,,,
,,,,
,,,,
,,,,
,,,,
,,,,
,,,,
,,,,
,,,,
,,,,
,,,,
,,,,
,,,,
,,,,
,,,,
,,,,
,,,,
,,,,
,,,,
,,,,
,,,,
,,,,
,,,,
,,,,
,,,,
,,,,
,,,,
,,,,
,,,,
,,,,
,,,,
,,,,
,,,,
,,,,
,,,,
,,,,
,,,,
,,,,
,,,,
,,,,
,,,,
,,,,
,,,,
,,,,
,,,,
,,,,
,,,,
,,,,
,,,,
,,,,
,,,,
,,,,
,,,,
,,,,
,,,,
,,,,
,,,,
,,,,
,,,,
,,,,
,,,,
,,,,
,,,,
,,,,
,,,,
,,,,
,,,,
,,,,
,,,,
,,,,
,,,,
,,,,
,,,,
,,,,
,,,,
,,,,
,,,,
,,,,
,,,,
,,,,
,,,,
,,,,
,,,,
,,,,
,,,,
,,,,
,,,,
,,,,
,,,,
,,,,
,,,,
,,,,
,,,,
,,,,
,,,,
,,,,
,,,,
,,,,
,,,,
,,,,
,,,,
,,,,
,,,,
,,,,
,,,,
,,,,
,,,,
,,,,
,,,,
,,,,
,,,,
,,,,
,,,,
,,,,
,,,,
,,,,
,,,,
,,,,
,,,,
,,,,
,,,,
,,,,
,,,,
,,,,
,,,,
,,,,
,,,,
,,,,
,,,,
,,,,
,,,,
,,,,
,,,,
,,,,
,,,,
,,,,
,,,,
,,,,
,,,,
,,,,
,,,,
,,,,
,,,,
,,,,
,,,,
,,,,
,,,,
,,,,
,,,,
,,,,
,,,,
,,,,
,,,,
,,,,
,,,,
,,,,
,,,,
,,,,
,,,,
,,,,
,,,,
,,,,
,,,,
,,,,
,,,,
,,,,
,,,,
,,,,
,,,,
,,,,
,,,,
,,,,
,,,,
,,,,
,,,,
,,,,
,,,,
,,,,
,,,,
,,,,
,,,,
,,,,
,,,,
,,,,
,,,,
,,,,
,,,,
,,,,
,,,,
,,,,
,,,,
,,,,
,,,,
,,,,
,,,,
,,,,
,,,,
,,,,
,,,,
,,,,
,,,,
,,,,
,,,,
,,,,
,,,,
,,,,
,,,,
,,,,
,,,,
,,,,
,,,,
,,,,
,,,,
,,,,
,,,,
,,,,
,,,,
,,,,
,,,,
,,,,
,,,,
,,,,
,,,,
,,,,
,,,,
,,,,
,,,,
,,,,
,,,,
,,,,
,,,,
,,,,
,,,,
,,,,
,,,,
,,,,
,,,,
,,,,
,,,,
,,,,
,,,,
,,,,
,,,,
,,,,
,,,,
,,,,
,,,,
,,,,
,,,,
,,,,
,,,,
,,,,
,,,,
,,,,
,,,,
,,,,
,,,,
,,,,
,,,,
,,,,
,,,,
,,,,
,,,,
,,,,
,,,,
,,,,
,,,,
,,,,
,,,,
,,,,
,,,,
,,,,
,,,,
,,,,
,,,,
,,,,
,,,,
,,,,
,,,,
,,,,
,,,,
,,,,
,,,,
,,,,
,,,,
,,,,
,,,,
,,,,
,,,,
,,,,
,,,,
,,,,
,,,,
,,,,
,,,,
,,,,
,,,,
,,,,
,,,,
,,,,
,,,,
,,,,
,,,,
,,,,
,,,,
,,,,
,,,,
,,,,
,,,,
,,,,
,,,,
,,,,
,,,,
,,,,
,,,,
,,,,
,,,,
,,,,
,,,,
,,,,
,,,,
,,,,
,,,,
,,,,
,,,,
,,,,
,,,,
,,,,
,,,,
,,,,
,,,,
,,,,
,,,,
,,,,
,,,,
,,,,
,,,,
,,,,
,,,,
,,,,
,,,,
,,,,
,,,,
,,,,
,,,,
,,,,
,,,,
,,,,
,,,,
,,,,
,,,,
,,,,
,,,,
,,,,
,,,,
,,,,
,,,,
,,,,
,,,,
,,,,
,,,,
,,,,
,,,,
,,,,
,,,,
,,,,
,,,,
,,,,
,,,,
,,,,
,,,,
,,,,
,,,,
,,,,
,,,,
,,,,
,,,,
,,,,
,,,,
,,,,
,,,,
,,,,
,,,,
,,,,
,,,,
,,,,
,,,,
,,,,
,,,,
,,,,
,,,,
,,,,
,,,,
,,,,
,,,,
,,,,
,,,,
,,,,
,,,,
,,,,
,,,,
,,,,
,,,,
,,,,
,,,,
,,,,
,,,,
,,,,
,,,,
,,,,
,,,,
,,,,
,,,,
,,,,
,,,,
,,,,
,,,,
,,,,
,,,,
,,,,
,,,,
,,,,
,,,,
,,,,
,,,,
,,,,
,,,,
,,,,
,,,,
,,,,
,,,,
,,,,
,,,,
,,,,
,,,,
,,,,
,,,,
,,,,
,,,,
,,,,
,,,,
,,,,
,,,,
,,,,
,,,,
,,,,
,,,,
,,,,
,,,,
,,,,
,,,,
,,,,
,,,,
,,,,
,,,,
,,,,
,,,,
,,,,
,,,,
,,,,
,,,,
,,,,
,,,,
,,,,
,,,,
,,,,
,,,,
,,,,
,,,,
,,,,
,,,,
,,,,
,,,,
,,,,
,,,,
,,,,
,,,,
,,,,
,,,,
,,,,
,,,,
,,,,
,,,,
,,,,
,,,,
,,,,
,,,,
,,,,
,,,,
,,,,
,,,,
,,,,
,,,,
,,,,
,,,,
,,,,
,,,,
,,,,
,,,,
,,,,
,,,,
,,,,
,,,,
,,,,
,,,,
,,,,
,,,,
,,,,
,,,,
,,,,
,,,,
,,,,
,,,,
,,,,
,,,,
,,,,
,,,,
,,,,
,,,,
,,,,
,,,,
,,,,
,,,,
,,,,
,,,,
,,,,
,,,,
,,,,
,,,,
,,,,
,,,,
,,,,
,,,,
,,,,
,,,,
,,,,
,,,,
,,,,
,,,,
,,,,
,,,,
,,,,
,,,,
,,,,
,,,,
,,,,
,,,,
,,,,
,,,,
,,,,
,,,,
,,,,
,,,,
,,,,
,,,,
,,,,
,,,,
,,,,
,,,,
,,,,
,,,,
,,,,
,,,,
,,,,
,,,,
,,,,
,,,,
,,,,
,,,,
,,,,
,,,,
,,,,
,,,,
,,,,
,,,,
,,,,
,,,,
,,,,
,,,,
,,,,
,,,,
,,,,
,,,,
,,,,
,,,,
,,,,
,,,,
,,,,
,,,,
,,,,
,,,,
,,,,
,,,,
,,,,
,,,,
,,,,
,,,,
,,,,
,,,,
,,,,
,,,,
,,,,
,,,,
,,,,
,,,,
,,,,
,,,,
,,,,
,,,,
,,,,
,,,,
,,,,
,,,,
,,,,
,,,,
,,,,
,,,,
,,,,
,,,,
,,,,
,,,,
,,,,
,,,,
,,,,
,,,,
,,,,
,,,,
,,,,
,,,,
,,,,
,,,,
,,,,
,,,,
,,,,
,,,,
,,,,
,,,,
,,,,
,,,,
,,,,
,,,,
,,,,
,,,,
,,,,
,,,,
,,,,
,,,,
,,,,
,,,,
,,,,
,,,,
,,,,
,,,,
,,,,
,,,,
,,,,
,,,,
,,,,
,,,,
,,,,
,,,,
,,,,
,,,,
,,,,
,,,,
,,,,
,,,,
,,,,
,,,,
,,,,
,,,,
,,,,
,,,,
,,,,
,,,,
,,,,
,,,,
,,,,
,,,,
,,,,
,,,,
,,,,
,,,,
,,,,
,,,,
,,,,
,,,,
,,,,
,,,,
,,,,
,,,,
,,,,
,,,,
,,,,
,,,,
,,,,
,,,,
,,,,
,,,,
,,,,
,,,,
,,,,
,,,,
,,,,
,,,,
,,,,
,,,,
,,,,
,,,,
,,,,
,,,,
,,,,
,,,,
,,,,
,,,,
,,,,
,,,,
,,,,
,,,,
,,,,
,,,,
,,,,
,,,,
,,,,
,,,,
,,,,
,,,,
,,,,
,,,,
,,,,
,,,,
,,,,
,,,,
,,,,
,,,,
,,,,
,,,,
,,,,
,,,,
,,,,
,,,,
,,,,
,,,,
,,,,
,,,,
,,,,
,,,,
,,,,
,,,,
,,,,
,,,,
,,,,
,,,,
,,,,
,,,,
,,,,
,,,,
,,,,
,,,,
,,,,
,,,,
,,,,
,,,,
,,,,
,,,,
,,,,
,,,,
,,,,
,,,,
,,,,
,,,,
,,,,
,,,,
,,,,
,,,,
,,,,
,,,,
,,,,
,,,,
,,,,
,,,,
,,,,
,,,,
,,,,
,,,,
,,,,
,,,,
,,,,
,,,,
,,,,
,,,,
,,,,
,,,,
,,,,
,,,,
,,,,
,,,,
,,,,
,,,,
,,,,
,,,,
,,,,
,,,,
,,,,
,,,,
,,,,
,,,,
,,,,
,,,,
,,,,
,,,,
,,,,
,,,,
,,,,
,,,,
,,,,
,,,,
,,,,
,,,,
,,,,
,,,,
,,,,
,,,,
,,,,
,,,,
,,,,
,,,,
,,,,
,,,,
,,,,
,,,,
,,,,
,,,,
,,,,
,,,,
,,,,
,,,,
,,,,
,,,,
,,,,
,,,,
,,,,
,,,,
,,,,
,,,,
,,,,
,,,,
,,,,
,,,,
,,,,
,,,,
,,,,
,,,,
,,,,
,,,,
,,,,
,,,,
,,,,
,,,,
,,,,
,,,,
,,,,
,,,,
,,,,
,,,,
,,,,
,,,,
,,,,
,,,,
,,,,
,,,,
,,,,
,,,,
,,,,
,,,,
,,,,
,,,,
,,,,
,,,,
,,,,
,,,,
,,,,
,,,,
,,,,
,,,,
,,,,
,,,,
,,,,
,,,,
,,,,
,,,,
,,,,
,,,,
,,,,
,,,,
,,,,
,,,,
,,,,
,,,,
,,,,
,,,,
,,,,
,,,,
,,,,
,,,,
,,,,
,,,,
,,,,
,,,,
,,,,
,,,,
,,,,
,,,,
,,,,
,,,,
,,,,
,,,,
,,,,
,,,,
,,,,
,,,,
,,,,
,,,,
,,,,
,,,,
,,,,
,,,,
,,,,
,,,,
,,,,
,,,,
,,,,
,,,,
,,,,
,,,,
,,,,
,,,,
,,,,
,,,,
,,,,
,,,,
,,,,
,,,,
,,,,
,,,,
,,,,
,,,,
,,,,
,,,,
,,,,
,,,,
,,,,
,,,,
,,,,
,,,,
,,,,
,,,,
,,,,
,,,,
,,,,
,,,,
,,,,
,,,,
,,,,
,,,,
,,,,
,,,,
,,,,
,,,,
,,,,
,,,,
,,,,
,,,,
,,,,
,,,,
,,,,
,,,,
,,,,
,,,,
,,,,
,,,,
,,,,
,,,,
,,,,
,,,,
,,,,
,,,,
,,,,
,,,,
,,,,
,,,,
,,,,
,,,,
,,,,
,,,,
,,,,
,,,,
,,,,
,,,,
,,,,
,,,,
,,,,
,,,,
,,,,
,,,,
,,,,
,,,,
,,,,
,,,,
,,,,
,,,,
,,,,
,,,,
,,,,
,,,,
,,,,
,,,,
,,,,
,,,,
,,,,
,,,,
,,,,
,,,,
,,,,
,,,,
,,,,
,,,,
,,,,
,,,,
,,,,
,,,,
,,,,
,,,,
,,,,
,,,,
,,,,
,,,,
,,,,
,,,,
,,,,
,,,,
,,,,
,,,,
,,,,
,,,,
,,,,
,,,,
,,,,
,,,,
,,,,
,,,,
,,,,
,,,,
,,,,
,,,,
,,,,
,,,,
,,,,
,,,,
,,,,
,,,,
,,,,
,,,,
,,,,
,,,,
,,,,
,,,,
,,,,
,,,,
,,,,
,,,,
,,,,
,,,,
,,,,
,,,,
,,,,
,,,,
,,,,
,,,,
,,,,
,,,,
,,,,
,,,,
,,,,
,,,,
,,,,
,,,,
,,,,
,,,,
,,,,
,,,,
,,,,
,,,,
,,,,
,,,,
,,,,
,,,,
,,,,
,,,,
,,,,
,,,,
,,,,
,,,,
,,,,
,,,,
,,,,
,,,,
,,,,
,,,,
,,,,
,,,,
,,,,
,,,,
,,,,
,,,,
,,,,
,,,,
,,,,
,,,,
,,,,
,,,,
,,,,
,,,,
,,,,
,,,,
,,,,
,,,,
,,,,
,,,,
,,,,
,,,,
,,,,
,,,,
,,,,
,,,,
,,,,
,,,,
,,,,
,,,,
,,,,
,,,,
,,,,
,,,,
,,,,
,,,,
,,,,
,,,,
,,,,
,,,,
,,,,
,,,,
,,,,
,,,,
,,,,
,,,,
,,,,
,,,,
,,,,
,,,,
,,,,
,,,,
,,,,
,,,,
,,,,
,,,,
,,,,
,,,,
,,,,
,,,,
,,,,
,,,,
,,,,
,,,,
,,,,
,,,,
,,,,
,,,,
,,,,
,,,,
,,,,
,,,,
,,,,
,,,,
,,,,
,,,,
,,,,
,,,,
,,,,
,,,,
,,,,
,,,,
,,,,
,,,,
,,,,
,,,,
,,,,
,,,,
,,,,
,,,,
,,,,
,,,,
,,,,
,,,,
,,,,
,,,,
,,,,
,,,,
,,,,
,,,,
,,,,
,,,,
,,,,
,,,,
,,,,
,,,,
,,,,
,,,,
,,,,
,,,,
,,,,
,,,,
,,,,
,,,,
,,,,
,,,,
,,,,
,,,,
,,,,
,,,,
,,,,
,,,,
,,,,
,,,,
,,,,
,,,,
,,,,
,,,,
,,,,
,,,,
,,,,
,,,,
,,,,
,,,,
,,,,
,,,,
,,,,
,,,,
,,,,
,,,,
,,,,
,,,,
,,,,
,,,,
,,,,
,,,,
,,,,
,,,,
,,,,
,,,,
,,,,
,,,,
,,,,
,,,,
,,,,
,,,,
,,,,
,,,,
,,,,
,,,,
,,,,
,,,,
,,,,
,,,,
,,,,
,,,,
,,,,
,,,,
,,,,
,,,,
,,,,
,,,,
,,,,
,,,,
,,,,
,,,,
,,,,
,,,,
,,,,
,,,,
,,,,
,,,,
,,,,
,,,,
,,,,
,,,,
,,,,
,,,,
,,,,
,,,,
,,,,
,,,,
,,,,
,,,,
,,,,
,,,,
,,,,
,,,,
,,,,
,,,,
,,,,
,,,,
,,,,
,,,,
,,,,
,,,,
,,,,
,,,,
,,,,
,,,,
,,,,
,,,,
,,,,
,,,,
,,,,
,,,,
,,,,
,,,,
,,,,
,,,,
,,,,
,,,,
,,,,
,,,,
,,,,
,,,,
,,,,
,,,,
,,,,
,,,,
,,,,
,,,,
,,,,
,,,,
,,,,
,,,,
,,,,
,,,,
,,,,
,,,,
,,,,
,,,,
,,,,
,,,,
,,,,
,,,,
,,,,
,,,,
,,,,
,,,,
,,,,
,,,,
,,,,
,,,,
,,,,
,,,,
,,,,
,,,,
,,,,
,,,,
,,,,
,,,,
,,,,
,,,,
,,,,
,,,,
,,,,
,,,,
,,,,
,,,,
,,,,
,,,,
,,,,
,,,,
,,,,
,,,,
,,,,
,,,,
,,,,
,,,,
,,,,
,,,,
,,,,
,,,,
,,,,
,,,,
,,,,
,,,,
,,,,
,,,,
,,,,
,,,,
,,,,
,,,,
,,,,
,,,,
,,,,
,,,,
,,,,
,,,,
,,,,
,,,,
,,,,
,,,,
,,,,
,,,,
,,,,
,,,,
,,,,
,,,,
,,,,
,,,,
,,,,
,,,,
,,,,
,,,,
,,,,
,,,,
,,,,
,,,,
,,,,
,,,,
,,,,
,,,,
,,,,
,,,,
,,,,
,,,,
,,,,
,,,,
,,,,
,,,,
,,,,
,,,,
,,,,
,,,,
,,,,
,,,,
,,,,
,,,,
,,,,
,,,,
,,,,
,,,,
,,,,
,,,,
,,,,
,,,,
,,,,
,,,,
,,,,
,,,,
,,,,
,,,,
,,,,
,,,,
,,,,
,,,,
,,,,
,,,,
,,,,
,,,,
,,,,
,,,,
,,,,
,,,,
,,,,
,,,,
,,,,
,,,,
,,,,
,,,,
,,,,
,,,,
,,,,
,,,,
,,,,
,,,,
,,,,
,,,,
,,,,
,,,,
,,,,
,,,,
,,,,
,,,,
,,,,
,,,,
,,,,
,,,,
,,,,
,,,,
,,,,
,,,,
,,,,
,,,,
,,,,
,,,,
,,,,
,,,,
,,,,
,,,,
,,,,
,,,,
,,,,
,,,,
,,,,
,,,,
,,,,
,,,,
,,,,
,,,,
,,,,
,,,,
,,,,
,,,,
,,,,
,,,,
,,,,
,,,,
,,,,
,,,,
,,,,
,,,,
,,,,
,,,,
,,,,
,,,,
,,,,
,,,,
,,,,
,,,,
,,,,
,,,,
,,,,
,,,,
,,,,
,,,,
,,,,
,,,,
,,,,
,,,,
,,,,
,,,,
,,,,
,,,,
,,,,
,,,,
,,,,
,,,,
,,,,
,,,,
,,,,
,,,,
,,,,
,,,,
,,,,
,,,,
,,,,
,,,,
,,,,
,,,,
,,,,
,,,,
,,,,
,,,,
,,,,
,,,,
,,,,
,,,,
,,,,
,,,,
,,,,
,,,,
,,,,
,,,,
,,,,
,,,,
,,,,
,,,,
,,,,
,,,,
,,,,
,,,,
,,,,
,,,,
,,,,
,,,,
,,,,
,,,,
,,,,
,,,,
,,,,
,,,,
,,,,
,,,,
,,,,
,,,,
,,,,
,,,,
,,,,
,,,,
,,,,
,,,,
,,,,
,,,,
,,,,
,,,,
,,,,
,,,,
,,,,
,,,,
,,,,
,,,,
,,,,
,,,,
,,,,
,,,,
,,,,
,,,,
,,,,
,,,,
,,,,
,,,,
,,,,
,,,,
,,,,
,,,,
,,,,
,,,,
,,,,
,,,,
,,,,
,,,,
,,,,
,,,,
,,,,
,,,,
,,,,
,,,,
,,,,
,,,,
,,,,
,,,,
,,,,
,,,,
,,,,
,,,,
,,,,
,,,,
,,,,
,,,,
,,,,
,,,,
,,,,
,,,,
,,,,
,,,,
,,,,
,,,,
,,,,
,,,,
,,,,
,,,,
,,,,
,,,,
,,,,
,,,,
,,,,
,,,,
,,,,
,,,,
,,,,
,,,,
,,,,
,,,,
,,,,
,,,,
,,,,
,,,,
,,,,
,,,,
,,,,
,,,,
,,,,
,,,,
,,,,
,,,,
,,,,
,,,,
,,,,
,,,,
,,,,
,,,,
,,,,
,,,,
,,,,
,,,,
,,,,
,,,,
,,,,
,,,,
,,,,
,,,,
,,,,
,,,,
,,,,
,,,,
,,,,
,,,,
,,,,
,,,,
,,,,
,,,,
,,,,
,,,,
,,,,
,,,,
,,,,
,,,,
,,,,
,,,,
,,,,
,,,,
,,,,
,,,,
,,,,
,,,,
,,,,
,,,,
,,,,
,,,,
,,,,
,,,,
,,,,
,,,,
,,,,
,,,,
,,,,
,,,,
,,,,
,,,,
,,,,
,,,,
,,,,
,,,,
,,,,
,,,,
,,,,
,,,,
,,,,
,,,,
,,,,
,,,,
,,,,
,,,,
,,,,
,,,,
,,,,
,,,,
,,,,
,,,,
,,,,
,,,,
,,,,
,,,,
,,,,
,,,,
,,,,
,,,,
,,,,
,,,,
,,,,
,,,,
,,,,
,,,,
,,,,
,,,,
,,,,
,,,,
,,,,
,,,,
,,,,
,,,,
,,,,
,,,,
,,,,
,,,,
,,,,
,,,,
,,,,
,,,,
,,,,
,,,,
,,,,
,,,,
,,,,
,,,,
,,,,
,,,,
,,,,
,,,,
,,,,
,,,,
,,,,
,,,,
,,,,
,,,,
,,,,
,,,,
,,,,
,,,,
,,,,
,,,,
,,,,
,,,,
,,,,
,,,,
,,,,
,,,,
,,,,
,,,,
,,,,
,,,,
,,,,
,,,,
,,,,
,,,,
,,,,
,,,,
,,,,
,,,,
,,,,
,,,,
,,,,
,,,,
,,,,
,,,,
,,,,
,,,,
,,,,
,,,,
,,,,
,,,,
,,,,
,,,,
